:100000000C949B1F0C94CC1F0C94CC1F0C94CC1FF5
:100010000C94CC1F0C94CC1F0C94CC1F0C94CC1FB4
:100020000C94CC1F0C9407380C9407380C940738A8
:100030000C94CC1F0C94CC1F0C94A7390C94CC1F9F
:100040000C94CC1F0C94D9370C94CC1F0C94CC1F5F
:100050000C94CC1F0C94CC1F0C94CC1F0C94A53684
:100060000C94CC1F0C9419370C94EF360C94CC1FC5
:100070000C94CC1F0C94CC1F0C94CC1F0C94CC1F54
:100080000C94AB370C94CC1F0C94CC1F0C94CC1F4D
:100090000C94CC1F0C94CC1F0C94CC1F0C94833864
:1000A0000C94CC1F0C94CC1F0C947D370C94CC1F5B
:1000B0000C94CC1F0C94CC1F0C94CC1F0C944F3779
:1000C0000C94CC1F0C94CC1F0C94CC1F0C94CC1F04
:1000D0000C94CC1F0C94CC1F0C94CC1F0C94CC1FF4
:1000E0000C94CC1F084AD73B3BCE016E84BCBFFDAD
:1000F000C12F3D6C74319ABD56833DDA3D00C77FF8
:1001000011BED9E4BB4C3E916BAAAABE0000008090
:100110003F000C94D2210C94172C0C94332C0C948B
:10012000C4200C94CB200C94F6200C94DE2F0C945D
:10013000ED200C945A220C9419220C9443300C9408
:10014000F22C0C94B6200C9492320C945F270C94F1
:100150003F2C0C943E2F0C94F7200C94D81F0C9439
:10016000C7260C94F1200C94C4300C94D5200C9428
:10017000A52B0C9419240C94DE2B0C94AF240C9416
:10018000A7310C94C0200C94BC200C9432220C9407
:1001900055240C94FD210C9417250C94EB210C9400
:1001A000CB2A0C94582F0C9469240C946C2A0C9430
:1001B00022260C9450220C94D7210C9446240C94A3
:1001C0002E200C94DF200C94462C0C942F2F0C9492
:1001D000432B0C94DB200C94C8200C94D91F0C9456
:1001E0000C300C949A290C9414270C9464220C94CF
:1001F0008B400C94D1200C9452550C943C220C94BE
:10020000F5210C94DD260C94E1210C9460270C94CC
:10021000E9200C94272C0C940F220C94602B0C9446
:10022000FB200C9423220C94E3200C9405220C94C4
:10023000512F0C943A260C94CA210C94852F0C94BF
:1002400077240C944622000000000000000000000B
:10025000000000000000F8041404041404F8070867
:10026000090B0B090807F8FC6C7C7C6CFCF8070F89
:100270000F0C0C0F0F0700F0F8F8F0F8F8F0000082
:100280000103070301000040E0F0F8F0E040000047
:10029000000103010000E0E0F81C1CF8E0E00000B1
:1002A00004070704000060F0F8FCFCF8F0600000B0
:1002B000040707040000000060F0F0600000000088
:1002C00000000000000000FF1F0F0F0F1FFF00FFC6
:1002D000FFFEFEFEFFFF0000E0101010E000000037
:1002E00000010101000000FF1FEFEFEF1FFF00FF03
:1002F000FFFEFEFEFFFF000090487C4890000003D8
:10030000040808080403003048848484483000024C
:1003100002020F020202000000FC04087000000646
:100320000F0700000000000000FC141414FC000C77
:100330001E0F00060F075050E0BCBCE050500101FA
:100340000007070001010000FCF8F0E04000000099
:10035000070301000000000040E0F0F8FC0000008E
:10036000000001030700001018FCFC181000000139
:100370000307070301000000FCFC0000FCFC000078
:10038000040400000404387C44FCFC04FCFC000071
:1003900000070700070700C4EE3A1232E6C400085F
:1003A000191312171D080000000000000000000EC5
:1003B0000E0E0E0E0E00001018FCFC18100008099E
:1003C0000B0F0F0B0908001018FCFC1810000000A0
:1003D000000707000000000000FCFC000000000116
:1003E0000307070301000040404050F0E0400000D8
:1003F0000000010100000040E0F0504040400000DB
:10040000000101000000F8000000000000000302ED
:1004100002020202020240E050404050E040000070
:10042000010000010000000000C0F0C00000000456
:10043000070707070704001070F0F0F070100000C5
:1004400000010701000000000000000000000000A3
:10045000000000000000000038FCFC380000000034
:10046000000D0D000000000E1E00001E0E0000001A
:1004700000000000000020F8F820F8F82000020F2B
:100480000F020F0F0200387C444747CC9800060C3F
:100490000838380F070030300080C06030000C068C
:1004A0000301000C0C0080D87CE4BCD84000070F8E
:1004B0000808070F080000101E0E000000000000D2
:1004C0000000000000000000F0F80C040000000034
:1004D00003070C0800000000040CF8F00000000006
:1004E000080C0703000080A0E0C0C0E0A08000026C
:1004F000030101030200008080E0E0808000000032
:1005000000030300000000000000000000000000E5
:10051000101E0E000000808080808080800000001F
:1005200000000000000000000000000000000000CB
:10053000000C0C00000000000080C06030000C06C1
:10054000030100000000F0F80CC40CF8F0000307F1
:100550000C080C070300001018FCFC000000000849
:10056000080F0F080800080C84C4643C18000E0F24
:100570000908080C0C00080C444444FCB800040CA6
:100580000808080F0700C0E0B098FCFC80000000DD
:1005900000080F0F08007C7C444444C48400040C11
:1005A0000808080F0700F0F84C4444C08000070F0B
:1005B0000808080F07000C0C0484C47C3C000000F1
:1005C0000F0F00000000B8FC444444FCB800070FC3
:1005D0000808080F0700387C444444FCF800000871
:1005E00008080C0703000000003030000000000085
:1005F000000606000000000000303000000000008F
:10060000080E060000000080C060301808000000DE
:100610000103060C080000202020202020000001FB
:100620000101010101000008183060C080000008CD
:100630000C0603010000181C04C4E43C1800000070
:10064000000D0D000000F0F808C8C8F8F000070F12
:10065000080B0B0B0100E0F0988C98F0E0000F0FF6
:100660000000000F0F0004FCFC4444FCB800080F1D
:100670000F08080F0700F0F80C04040C180003071B
:100680000C08080C060004FCFC040CF8F000080F31
:100690000F080C07030004FCFC44E40C1C00080FCA
:1006A0000F08080C0E0004FCFC44E40C1C00080FAE
:1006B0000F0800000000F0F80C84848C98000307F9
:1006C0000C0808070F00FCFC404040FCFC000F0F2A
:1006D0000000000F0F00000004FCFC0400000000FC
:1006E000080F0F08000000000004FCFC0400070FC6
:1006F00008080F07000004FCFCC0E03C1C00080FC9
:100700000F00010F0E0004FCFC0400000000080FA5
:100710000F08080C0E00FCFC387038FCFC000F0FB2
:100720000000000F0F00FCFC3870E0FCFC000F0F15
:100730000000000F0F00F8FC040404FCF800070F91
:100740000808080F070004FCFC44447C3800080F2C
:100750000F0800000000F8FC040404FCF800070F78
:10076000080E3C3F270004FCFC44C4FC3800080F82
:100770000F00000F0F00183C6444C49C1800060EC4
:100780000808080F0700001C0CFCFC0C1C000000F3
:10079000080F0F080000FCFC000000FCFC00070F25
:1007A0000808080F0700FCFC000000FCFC00010327
:1007B000060C06030100FCFC00C000FCFC00070F57
:1007C0000E030E0F07000C3CF0E0F03C0C000C0F89
:1007D0000301030F0C00003C7CC0C07C3C00000007
:1007E000080F0F0800001C0C84C4643C1C000E0F92
:1007F0000908080C0E000000FCFC040400000000C6
:100800000F0F080800003870E0C0800000000000F2
:10081000000103070E0000000404FCFC00000000BF
:1008200008080F0F0000080C0603060C0800000063
:100830000000000000000000000000000000202078
:1008400020202020202000000307040000000000DA
:1008500000000000000000A0A0A0E0C00000070F02
:100860000808070F080004FCFC2060C08000000F8F
:100870000F08080F0700C0E0202020604000070F8D
:100880000808080C040080C06024FCFC0000070F6E
:100890000808070F0800C0E0A0A0A0E0C000070FF4
:1008A0000808080C040040F8FC440C180000080F6D
:1008B0000F0800000000C0E02020C0E02000276FEB
:1008C00048487F3F000004FCFC4020E0C000080FC7
:1008D0000F00000F0F00000020ECEC0000000000F3
:1008E000080F0F0800000000000020ECEC000030B2
:1008F0007040407F3F0004FCFC80C0602000080F77
:100900000F01030E0C00000004FCFC0000000000BE
:10091000080F0F080000E0E060C060E0C0000F0FAB
:100920000007000F0F0020E0C02020E0C000000FF3
:100930000F00000F0F00C0E0202020E0C000070FD4
:100940000808080F070020E0C02020E0C000407F1A
:100950007F48080F0700C0E02020C0E02000070FFC
:1009600008487F7F400020E0C06020E0C000080F02
:100970000F080000000040E0A02020604000040CB0
:1009800009090B0E04002020F8FC202000000000C4
:10099000070F080C0400E0E00000E0E00000070F93
:1009A0000808070F080000E0E00000E0E000000396
:1009B000070C0C070300E0E0008000E0E000070FF8
:1009C0000C070C0F07002060C080C0602000080CDE
:1009D0000703070C0800E0E0000000E0E000474FDC
:1009E0004848683F1F00606020A0E06020000C0EB7
:1009F0000B09080C0C00004040F8BC040400000087
:100A000000070F080800000000BCBC000000000048
:100A1000000F0F000000000404BCF8404000000874
:100A2000080F0700000080C040C080C040000000E8
:100A300000000000000000000609060000000000A1
:100A400000000000000000000000000000000000A6
:100A50000000000000000000000000000000000096
:100A600000000000000000000082C262321E0E0082
:100A70000000000000000000000000000000000076
:100A800000000000000000004262325E6E321E0E66
:100A90000000000000000000000000000000000056
:100AA000000000000000000000FEFE80808080004A
:100AB0000000000000000000000000000000000036
:100AC000000000000000000000FEFE828282820022
:100AD0000000000000000000000000000000000016
:100AE0000000000000000000FEFE82FEFE82820088
:100AF00000000000000000000000000000000000F6
:100B000000000000000000007A7A4A4A4A4E4E0077
:100B100000000000000000000000000000000000D5
:100B200000000000000000007E7E4242427E7E0007
:100B300000000000000000000000000000000000B5
:100B400000000000000000007E7E4848487E7E00D5
:100B50000000000000000000000000000000000095
:100B600000000000000000007E5E487E5E487E7E41
:100B70000000000000000000000000000000000075
:100B800000000000000000004060301E1E30604089
:100B90000000000000000000000000000000000055
:100BA0000000000000000040603E5E603E1E6040AD
:100BB0000000000000000000000000000000000035
:100BC0000000000000000000003C7E42427E3C002D
:100BD0000000000000000000000000000000000015
:100BE00000000000000000004262321E1E3262421D
:100BF00000000000000000000000000000000000F5
:100C00000000000000000042623E5E623E1E624242
:100C100000000000000000000000000000000000D4
:100C200000000000000000004464341E1E346444D0
:100C300000000000000000000000000000000000B4
:100C40000000000000000000008ACA6A3A1E0E0080
:100C50000000000000000000000000000000000094
:100C600000000000000000007E7E4A4A4A4A400020
:100C70000000000000000000000000000000000074
:100C80000000000000000000427E7E42427E7E4264
:100C90000000000000000000000000000000000054
:100CA0000000000000000000023A7E47477E3A0242
:100CB0000000000000000000000000000000000034
:100CC0000000000000000000000000000000000024
:100CD0000000000000000000000000000000000014
:100CE00000000000000000000002020202020202F6
:100CF000023E3E0000000000000000000000000076
:100D00000000000000000000000202023E3E02025D
:100D1000023E3E0000000000000000000000000055
:100D20000000000000000000003E3E2020202020A7
:100D30002020200000000000000000000000000053
:100D40000000000000000000003E3E22222222227D
:100D5000222222000000000000000000000000002D
:100D60000000000000000000003E3E2222003E3E47
:100D7000222222000000000000000000000000000D
:100D80000000000000000000003A3A2A2A2A2A2A1D
:100D90002A2E2E00000000000000000000000000CD
:100DA000000000000000000000003E3E222222223F
:100DB0003E3E0000000000000000000000000000B7
:100DC0000000000000000000003E3E2828282828DF
:100DD000283E3E000000000000000000000000006F
:100DE0000000000000000000003E3E28283E3E2893
:100DF000283E3E000000000000000000000000004F
:100E00000000000000000000002030180C06060C56
:100E1000183020000000000000000000000000006A
:100E200000000000000000000020301E1E30301EB8
:100E30001E30200000000000000000000000000044
:100E4000000000000000000000001C3E22222222C0
:100E50003E1C000000000000000000000000000038
:100E600000000000000000000022321A0E06060EEC
:100E70001A32220000000000000000000000000004
:100E800000000000000000000022321A2E361A0E68
:100E90000E322200000000000000000000000000F0
:100EA00000000000000000000024341C0C06060CAA
:100EB0001C342400000000000000000000000000BE
:100EC0000000000000000000000A0A0A0A0A0A0ADC
:100ED0000A3E3E000000000000000000000000008C
:100EE0000000000000000000003E3E2A2A2A2A2AB4
:100EF0002A2A2A0000000000000000000000000074
:100F000000000000000000000022223E3E22223E9F
:100F10003E2222000000000000000000000000004F
:100F2000000000000000000000021A3E26272726CD
:100F30003E1A020000000000000000000000000057
:100F400000000000000000000000000000000000A1
:100F50000000000000000000000000000000000091
:100F60000000000000000000000202020202020273
:100F7000023E3E00000000000000000000000000F3
:100F80000000000000000000000202023E3E0202DB
:100F9000023E3E00000000000000000000000000D3
:100FA0000000000000000000003E3E202020202025
:100FB00020202000000000000000000000000000D1
:100FC0000000000000000000003E3E2222222222FB
:100FD00022222200000000000000000000000000AB
:100FE0000000000000000000003E3E2222003E3EC5
:100FF000222222000000000000000000000000008B
:101000000000000000000000003A3A2A2A2A2A2A9A
:101010002A2E2E000000000000000000000000004A
:10102000000000000000000000003E3E22222222BC
:101030003E3E000000000000000000000000000034
:101040000000000000000000003E3E28282828285C
:10105000283E3E00000000000000000000000000EC
:101060000000000000000000003E3E28283E3E2810
:10107000283E3E00000000000000000000000000CC
:101080000000000000000000002030180C06060CD4
:1010900018302000000000000000000000000000E8
:1010A00000000000000000000020301E1E30301E36
:1010B0001E302000000000000000000000000000C2
:1010C000000000000000000000001C3E222222223E
:1010D0003E1C0000000000000000000000000000B6
:1010E00000000000000000000022321A0E06060E6A
:1010F0001A32220000000000000000000000000082
:1011000000000000000000000022321A2E361A0EE5
:101110000E3222000000000000000000000000006D
:1011200000000000000000000024341C0C06060C27
:101130001C3424000000000000000000000000003B
:101140000000000000000000000A0A0A0A0A0A0A59
:101150000A3E3E0000000000000000000000000009
:101160000000000000000000003E3E2A2A2A2A2A31
:101170002A2A2A00000000000000000000000000F1
:1011800000000000000000000022223E3E22223E1D
:101190003E222200000000000000000000000000CD
:1011A000000000000000000000021A3E262727264B
:1011B0003E1A0200000000000000000000000000D5
:1011C000000000000000000000000000000000001F
:1011D000000000000000000000000000000000000F
:1011E000000000000000000002020202023E3E0079
:1011F00000000000000000000000000000000000EF
:101200000000000000000002023E3E02023E3E00DE
:1012100000000000000000000000000000000000CE
:1012200000000000000000003E3E20202020202082
:1012300000000000000000000000000000000000AE
:1012400000000000000000003E3E22222222222256
:10125000000000000000000000000000000000008E
:1012600000000000000000003E3E22223E3E2222FE
:10127000000000000000000000000000000000006E
:1012800000000000000000003A3A2A2A2A2E2E0010
:10129000000000000000000000000000000000004E
:1012A00000000000000000003E3E2222223E3E00E0
:1012B000000000000000000000000000000000002E
:1012C00000000000000000003E3E2828283E3E00AE
:1012D000000000000000000000000000000000000E
:1012E00000000000000000003E2E283E2E283E3E5A
:1012F00000000000000000000000000000000000EE
:1013000000000000000000002030180E0E183020F1
:1013100000000000000000000000000000000000CD
:10132000000000000000000020301E2E301E0E3095
:10133000200000000000000000000000000000008D
:101340000000000000000000001C3E22223E1C00A5
:10135000000000000000000000000000000000008D
:10136000000000000000000022321A0E0E1A322285
:10137000000000000000000000000000000000006D
:101380000000000000000022321E2E321E0E32220B
:10139000000000000000000000000000000000004D
:1013A000000000000000000024341C0E0E1C342439
:1013B000000000000000000000000000000000002D
:1013C00000000000000000000A0A0A0A0A0A3E3E65
:1013D000000000000000000000000000000000000D
:1013E00000000000000000003E3E2A2A2A2A2A00AF
:1013F00000000000000000000000000000000000ED
:101400000000000000000000223E3E22223E3E225C
:1014100000000000000000000000000000000000CC
:101420000000000000000000021A3E27273E1A02BA
:1014300000000000000000000000000000000000AC
:10144000000000000000000000000000000000009C
:10145000000000000000000000000000000000008C
:10146000000000000000000002020202023E3E00F6
:10147000000000000000000000000000000000006C
:101480000000000000000002023E3E02023E3E005C
:10149000000000000000000000000000000000004C
:1014A00000000000000000003E3E20202020202000
:1014B000000000000000000000000000000000002C
:1014C00000000000000000003E3E222222222222D4
:1014D000000000000000000000000000000000000C
:1014E00000000000000000003E3E22223E3E22227C
:1014F00000000000000000000000000000000000EC
:1015000000000000000000003A3A2A2A2A2E2E008D
:1015100000000000000000000000000000000000CB
:1015200000000000000000003E3E2222223E3E005D
:1015300000000000000000000000000000000000AB
:1015400000000000000000003E3E2828283E3E002B
:10155000000000000000000000000000000000008B
:1015600000000000000000003E2E283E2E283E3ED7
:10157000000000000000000000000000000000006B
:1015800000000000000000002030180E0E1830206F
:10159000000000000000000000000000000000004B
:1015A000000000000000000020301E2E301E0E3013
:1015B000200000000000000000000000000000000B
:1015C0000000000000000000001C3E22223E1C0023
:1015D000000000000000000000000000000000000B
:1015E000000000000000000022321A0E0E1A322203
:1015F00000000000000000000000000000000000EB
:101600000000000000000022321E2E321E0E322288
:1016100000000000000000000000000000000000CA
:10162000000000000000000024341C0E0E1C3424B6
:1016300000000000000000000000000000000000AA
:1016400000000000000000000A0A0A0A0A0A3E3EE2
:10165000000000000000000000000000000000008A
:1016600000000000000000003E3E2A2A2A2A2A002C
:10167000000000000000000000000000000000006A
:101680000000000000000000223E3E22223E3E22DA
:10169000000000000000000000000000000000004A
:1016A0000000000000000000021A3E27273E1A0238
:1016B000000000000000000000000000000000002A
:1016C000000000000000000000000000000000001A
:1016D000000000000000000000000000000000000A
:1016E000000000000000000082C262321E0E0000F6
:1016F00000000000000000000000000000000000EA
:10170000000000000000004262325E6E321E0E00D9
:1017100000000000000000000000000000000000C9
:101720000000000000000000FEFE8080808080003D
:1017300000000000000000000000000000000000A9
:101740000000000000000000FEFE82828282000095
:101750000000000000000000000000000000000089
:101760000000000000000000FEFE82FEFE828200FB
:101770000000000000000000000000000000000069
:1017800000000000000000007A7A4A4A4E4E000035
:101790000000000000000000000000000000000049
:1017A00000000000000000007E7E42427E7E0000BD
:1017B0000000000000000000000000000000000029
:1017C00000000000000000007E7E48487E7E000091
:1017D0000000000000000000000000000000000009
:1017E000000000000000007E5E487E5E487E000033
:1017F00000000000000000000000000000000000E9
:10180000000000000000004060301E1E30604000FC
:1018100000000000000000000000000000000000C8
:1018200000000000000040603E5E603E1E60400020
:1018300000000000000000000000000000000000A8
:1018400000000000000000003C7E42427E3C0000A0
:101850000000000000000000000000000000000088
:10186000000000000000004262321E1E3262420090
:101870000000000000000000000000000000000068
:1018800000000000000042623E5E623E1E624000B8
:101890000000000000000000000000000000000048
:1018A000000000000000004464341E1E3464440044
:1018B0000000000000000000000000000000000028
:1018C00000000000000000008ACA6A3A1E0E0000F4
:1018D0000000000000000000000000000000000008
:1018E00000000000000000007E7E4A4A4A4A0000D4
:1018F00000000000000000000000000000000000E8
:1019000000000000000000427E7E427E7E42000019
:1019100000000000000000000000000000000000C7
:1019200000000000000000023A7E47477E3A0200B5
:1019300000000000000000000000000000000000A7
:101940000000000000000000000000000000000097
:101950000000000000000000000000000000000087
:101960000000000000000000000202020202020269
:10197000023E3E00000000000000000000000000E9
:101980000000000000000000000202023E3E0202D1
:10199000023E3E00000000000000000000000000C9
:1019A0000000000000000000003E3E20202020201B
:1019B00020202000000000000000000000000000C7
:1019C0000000000000000000003E3E2222222222F1
:1019D00022222200000000000000000000000000A1
:1019E0000000000000000000003E3E2222003E3EBB
:1019F0002222220000000000000000000000000081
:101A00000000000000000000003A3A2A2A2A2A2A90
:101A10002A2E2E0000000000000000000000000040
:101A2000000000000000000000003E3E22222222B2
:101A30003E3E00000000000000000000000000002A
:101A40000000000000000000003E3E282828282852
:101A5000283E3E00000000000000000000000000E2
:101A60000000000000000000003E3E28283E3E2806
:101A7000283E3E00000000000000000000000000C2
:101A80000000000000000000002030180C06060CCA
:101A900018302000000000000000000000000000DE
:101AA00000000000000000000020301E1E30301E2C
:101AB0001E302000000000000000000000000000B8
:101AC000000000000000000000001C3E2222222234
:101AD0003E1C0000000000000000000000000000AC
:101AE00000000000000000000022321A0E06060E60
:101AF0001A32220000000000000000000000000078
:101B000000000000000000000022321A2E361A0EDB
:101B10000E32220000000000000000000000000063
:101B200000000000000000000024341C0C06060C1D
:101B30001C34240000000000000000000000000031
:101B40000000000000000000000A0A0A0A0A0A0A4F
:101B50000A3E3E00000000000000000000000000FF
:101B60000000000000000000003E3E2A2A2A2A2A27
:101B70002A2A2A00000000000000000000000000E7
:101B800000000000000000000022223E3E22223E13
:101B90003E222200000000000000000000000000C3
:101BA000000000000000000000021A3E2627272641
:101BB0003E1A0200000000000000000000000000CB
:101BC0000000000000000000000000000000000015
:101BD0000000000000000000000000000000000005
:101BE0000000000000000000020202023E3E000071
:101BF00000000000000000000000000000000000E5
:101C00000000000000000002023E3E02023E3E00D4
:101C100000000000000000000000000000000000C4
:101C200000000000000000003E3E20202020200098
:101C300000000000000000000000000000000000A4
:101C400000000000000000003E3E22222222000090
:101C50000000000000000000000000000000000084
:101C600000000000000000003E3E223E3E22220016
:101C70000000000000000000000000000000000064
:101C8000000000000000003A3A2A2A2A2E2E000006
:101C90000000000000000000000000000000000044
:101CA000000000000000003E3E2222223E3E0000D6
:101CB0000000000000000000000000000000000024
:101CC000000000000000003E3E2828283E3E0000A4
:101CD0000000000000000000000000000000000004
:101CE000000000000000003E2E283E2E283E00008E
:101CF00000000000000000000000000000000000E4
:101D0000000000000000002030180E0E18302000E7
:101D100000000000000000000000000000000000C3
:101D20000000000000000020301E2E301E0E30206B
:101D300000000000000000000000000000000000A3
:101D400000000000000000001C3E22223E1C00009B
:101D50000000000000000000000000000000000083
:101D60000000000000000022321A0E0E1A3222007B
:101D70000000000000000000000000000000000063
:101D800000000000000022321E2E321E0E32220001
:101D90000000000000000000000000000000000043
:101DA0000000000000000024341C0E0E1C3424002F
:101DB0000000000000000000000000000000000023
:101DC000000000000000000A0A0A0A0A3E3E000065
:101DD0000000000000000000000000000000000003
:101DE00000000000000000003E3E2A2A2A2A0000CF
:101DF00000000000000000000000000000000000E3
:101E000000000000000000223E3E223E3E22000074
:101E100000000000000000000000000000000000C2
:101E200000000000000000021A3E27273E1A0200B0
:101E300000000000000000000000000000000000A2
:101E40000000000000000000000000000000000092
:101E50000000000000000000000000000000000082
:101E60000000000000000000000000000000000072
:101E70000000FEFE10100000000000000000000046
:101E800000001F1F00000000000000000000000014
:101E9000FEFE20FEFE00000000000000000000002A
:101EA0000F0F001F1F0000000000000000000000D6
:101EB0000000FEFE48480000000000000000000096
:101EC00000001F1F000000000000000000000000D4
:101ED000FEFE90FEFE00000000000000000000007A
:101EE0000F0F001F1F000000000000000000001086
:101EF0001010FEFE000000000000000000000000C6
:101F000000001F1F00000000000000000010101063
:101F1000FEFE00FEFE0000000000000000000000C9
:101F20000F0F001F1F00000000000000000000282D
:101F30002828FEFE00000000000000000000000055
:101F400000001F1F000000000000000000282828DB
:101F5000FEFE00FEFE000000000000000000000089
:101F60000F0F001F1F000000000000000080800015
:101F7000000000000000000004040404040707043B
:101F80000404040400000000000000808000000041
:101F900000FEFE8080000000020202030302020233
:101FA000001F1F00000000000000808000000000F3
:101FB000FEFE20FEFE0000020202030302020202F5
:101FC0000F0F001F1F0000000000008080000000B5
:101FD0000000FEFE000000000202020303020202F3
:101FE00002021F1F0000000000000080800000802F
:101FF0008000000000000000040404070704040738
:1020000007040404000000000000000000000000BD
:10201000000000000000000001010101013F3F013C
:1020200001010101000000008080808080808080AC
:102030008000FEFE000000000000001F1F000004E2
:1020400004043F3F0000008080808080808080000A
:10205000FEFE00FEFE00000000000F0F000404045E
:102060001F1F003F3F0000008080808080808080B4
:102070008000FEFE000000000000001F1F000000A6
:1020800000003F3F000000000000000000000000D2
:1020900000000000000000000101013F3F01013F7E
:1020A0003F010101000000000000000000000000EE
:1020B0000000000000000000040404040404040400
:1020C00004040404040000000000000000000000FC
:1020D0000000FEFE000000000101010101010101FC
:1020E00001001F1F000000000000000000000000B1
:1020F0000000FEFE000000000000000000000000E4
:1021000000001F1F00000000000000000000000091
:1021100000000000000000000000000000000000BF
:1021200000000000000000000000000000000000AF
:102130000000FEFE10100000000000000000000083
:1021400000001F1F00000000000000000000000051
:10215000FEFE20FEFE000000000000000000000067
:102160000F0F001F1F000000000000000000000013
:102170000000FEFE484800000000000000000000D3
:1021800000001F1F00000000000000000000000011
:10219000FEFE90FEFE0000000000000000000000B7
:1021A0000F0F001F1F0000000000000000000010C3
:1021B0001010FEFE00000000000000000000000003
:1021C00000001F1F000000000000000000101010A1
:1021D000FEFE00FEFE000000000000000000000007
:1021E0000F0F001F1F00000000000000000000286B
:1021F0002828FEFE00000000000000000000000093
:1022000000001F1F00000000000000000028282818
:10221000FEFE00FEFE0000000000000000000000C6
:102220000F0F001F1F000000000000000080800052
:102230000000000000000000040404040407070478
:10224000040404040000000000000080800000007E
:1022500000FEFE8080000000020202030302020270
:10226000001F1F0000000000000080800000000030
:10227000FEFE20FEFE000002020203030202020232
:102280000F0F001F1F0000000000008080000000F2
:102290000000FEFE00000000020202030302020230
:1022A00002021F1F0000000000000080800000806C
:1022B0008000000000000000040404070704040775
:1022C00007040404000000000000000000000000FB
:1022D000000000000000000001010101013F3F017A
:1022E00001010101000000008080808080808080EA
:1022F0008000FEFE000000000000001F1F00000420
:1023000004043F3F00000080808080808080800047
:10231000FEFE00FEFE00000000000F0F000404049B
:102320001F1F003F3F0000008080808080808080F1
:102330008000FEFE000000000000001F1F000000E3
:1023400000003F3F0000000000000000000000000F
:1023500000000000000000000101013F3F01013FBB
:102360003F0101010000000000000000000000002B
:10237000000000000000000004040404040404043D
:102380000404040404000000000000000000000039
:102390000000FEFE00000000010101010101010139
:1023A00001001F1F000000000000000000000000EE
:1023B0000000FEFE00000000000000000000000021
:1023C00000001F1F000000000000000000000000CF
:1023D00000000000000000000000000000000000FD
:1023E00000000000000000000000000000000000ED
:1023F0000000FEFE101000000000000000000000C1
:1024000000000101000000000000000000000000CA
:10241000FEFE10FEFE0000000000000000000000B4
:1024200001010001010000000000000000000000A8
:102430000000FEFE28280000000000000000000050
:10244000000001010000000000000000000000008A
:10245000FEFE50FEFE000000000000000000000034
:102460000101000101000000000000000000001058
:102470001010FEFE00000000000000000000000040
:10248000000001010000000000000000001010101A
:10249000FEFE00FEFE000000000000000000000044
:1024A0000101000101000000000000000000002800
:1024B0002828FEFE000000000000000000000000D0
:1024C00000000101000000000000000000002828BA
:1024D000FEFE00FEFE000000000000000000000004
:1024E00001010001010000000000000000E0E00028
:1024F00000000000000000000101010101010101D4
:102500000101010100000000000000C0C000000047
:102510000000FEFE10100000010101010101010197
:1025200001000101000000000000C0C00000000028
:10253000FEFE10FEFE00000101010101010101008B
:102540000101000101000000000000C0C000000007
:102550000000FEFE00000000010101010101010177
:102560000100010100000000000000C0C00000C028
:10257000C000000000000000010101010101010193
:102580000101010100000000808080808080808047
:102590008080808000000000000000000003030035
:1025A00000000000000000008080808080808000AB
:1025B0001010FEFE000000000002030100000000F9
:1025C00000000101000000808080808080809010E9
:1025D000FEFE00FEFE0000000002030100000000FD
:1025E00001010001010000008080808080808080E7
:1025F0008000FEFE00000000000203010000000059
:1026000000000101000000008080808080808080C8
:1026100080808080000000000000000303000003B1
:1026200003000000000000000000000000000000A7
:102630000000000000000000010101010101010192
:102640000101010100000000000000000000000086
:102650000000FEFE00000000010101010101010176
:102660000100010100000000000000000000000067
:102670000000FEFE0000000000000000000000005E
:102680000000010100000000000000000000000048
:10269000000000000000000000000000000000003A
:1026A000000000000000000000000000000000002A
:1026B0000000FEFE101000000000000000000000FE
:1026C0000000010100000000000000000000000008
:1026D000FEFE10FEFE0000000000000000000000F2
:1026E00001010001010000000000000000000000E6
:1026F0000000FEFE2828000000000000000000008E
:1027000000000101000000000000000000000000C7
:10271000FEFE50FEFE000000000000000000000071
:102720000101000101000000000000000000001095
:102730001010FEFE0000000000000000000000007D
:102740000000010100000000000000000010101057
:10275000FEFE00FEFE000000000000000000000081
:10276000010100010100000000000000000000283D
:102770002828FEFE0000000000000000000000000D
:1027800000000101000000000000000000002828F7
:10279000FEFE00FEFE000000000000000000000041
:1027A00001010001010000000000000000E0E00065
:1027B0000000000000000000010101010101010111
:1027C0000101010100000000000000C0C000000085
:1027D0000000FEFE101000000101010101010101D5
:1027E00001000101000000000000C0C00000000066
:1027F000FEFE10FEFE0000010101010101010100C9
:102800000101000101000000000000C0C000000044
:102810000000FEFE000000000101010101010101B4
:102820000100010100000000000000C0C00000C065
:10283000C0000000000000000101010101010101D0
:102840000101010100000000808080808080808084
:102850008080808000000000000000000003030072
:1028600000000000000000008080808080808000E8
:102870001010FEFE00000000000203010000000036
:102880000000010100000080808080808080901026
:10289000FEFE00FEFE00000000020301000000003A
:1028A0000101000101000000808080808080808024
:1028B0008000FEFE00000000000203010000000096
:1028C0000000010100000000808080808080808006
:1028D00080808080000000000000000303000003EF
:1028E00003000000000000000000000000000000E5
:1028F00000000000000000000101010101010101D0
:1029000001010101000000000000000000000000C3
:102910000000FEFE000000000101010101010101B3
:1029200001000101000000000000000000000000A4
:102930000000FEFE0000000000000000000000009B
:102940000000010100000000000000000000000085
:102950000000000000000000000000000000000077
:102960000000000000000000000000000000000067
:102970000000000000000000000000040404040443
:1029800004047C7C00000000000000000000000047
:10299000000000000000000000000404047C7C042F
:1029A00004047C7C00000000000000000000000027
:1029B000000000000000000000000404047C7C40D3
:1029C000603C3C604000000000000000000000008F
:1029D0000000000000000000000000007C7C40407F
:1029E00040404040000000000000000000000000E7
:1029F00000000000000000000000007C7C4040441B
:102A0000643C3C6444000000000000000000000042
:102A100000000000000000000000007C7C40402816
:102A2000785C5C78280000000000000000000000D6
:102A30000000000000000000000000007C7C444416
:102A40004444444400000000000000000000000076
:102A500000000000000000000000000074745454E6
:102A600054545C5C00000000000000000000000006
:102A700000000000000000000000007474545C5C62
:102A800004047C7C00000000000000000000000046
:102A9000000000000000000000007474545C5C0042
:102AA0007C7C447C7C0000000000000000000000F2
:102AB000000000000000000000007474545C5C0022
:102AC0007C7C507C7C0000000000000000000000C6
:102AD00000000000000000000000007474545C5C02
:102AE00040603C3C6040000000000000000000002E
:102AF000000000000000000000007474545C5C00E2
:102B00007C7C5454540000000000000000000000D1
:102B1000000000000000000000007474545C5C00C1
:102B2000447C447C440000000000000000000000E1
:102B3000000000000000000000007474545C5C2879
:102B4000785C5C78280000000000000000000000B5
:102B50000000000000000000000000007C7C4444F5
:102B600044447C7C000000000000000000000000E5
:102B70000000000000000000000000007C7C5050BD
:102B800050507C7C000000000000000000000000AD
:102B900000000000000000000000007C7C507C7CF5
:102BA00040603C3C6040000000000000000000006D
:102BB0000000000000000000000000406030180C21
:102BC0000C18306040000000000000000000000011
:102BD00000000000000000000000004060305C7C4D
:102BE000301C1C30604000000000000000000000AD
:102BF00000000000000000000000000000387C44DD
:102C000044447C3800000000000000000000000088
:102C100000000000000000000000004848283818AC
:102C2000183828484800000000000000000000009C
:102C30000000000000000000000000484828381C88
:102C40001C38284848000000000000000000000078
:102C50000000000000000000000000141414141410
:102C600014147C7C00000000000000000000000044
:102C7000000000000000000000000000007C7C5408
:102C800054545454000000000000000000000000F4
:102C9000000000000000000000000000447C7C44B4
:102CA000447C7C44000000000000000000000000A4
:102CB0000000000000000000000000000828785C10
:102CC0005C5C7828080000000000000000000000A4
:102CD00000000000000000000000000000000000F4
:102CE00000000000000000000000000000000000E4
:102CF00000000000000000000000000404040404C0
:102D000004047C7C000000000000000000000000C3
:102D1000000000000000000000000404047C7C04AB
:102D200004047C7C000000000000000000000000A3
:102D3000000000000000000000000404047C7C404F
:102D4000603C3C604000000000000000000000000B
:102D50000000000000000000000000007C7C4040FB
:102D60004040404000000000000000000000000063
:102D700000000000000000000000007C7C40404497
:102D8000643C3C64440000000000000000000000BF
:102D900000000000000000000000007C7C40402893
:102DA000785C5C7828000000000000000000000053
:102DB0000000000000000000000000007C7C444493
:102DC00044444444000000000000000000000000F3
:102DD0000000000000000000000000007474545463
:102DE00054545C5C00000000000000000000000083
:102DF00000000000000000000000007474545C5CDF
:102E000004047C7C000000000000000000000000C2
:102E1000000000000000000000007474545C5C00BE
:102E20007C7C447C7C00000000000000000000006E
:102E3000000000000000000000007474545C5C009E
:102E40007C7C507C7C000000000000000000000042
:102E500000000000000000000000007474545C5C7E
:102E600040603C3C604000000000000000000000AA
:102E7000000000000000000000007474545C5C005E
:102E80007C7C54545400000000000000000000004E
:102E9000000000000000000000007474545C5C003E
:102EA000447C447C4400000000000000000000005E
:102EB000000000000000000000007474545C5C28F6
:102EC000785C5C7828000000000000000000000032
:102ED0000000000000000000000000007C7C444472
:102EE00044447C7C00000000000000000000000062
:102EF0000000000000000000000000007C7C50503A
:102F000050507C7C00000000000000000000000029
:102F100000000000000000000000007C7C507C7C71
:102F200040603C3C604000000000000000000000E9
:102F30000000000000000000000000406030180C9D
:102F40000C1830604000000000000000000000008D
:102F500000000000000000000000004060305C7CC9
:102F6000301C1C3060400000000000000000000029
:102F700000000000000000000000000000387C4459
:102F800044447C3800000000000000000000000005
:102F90000000000000000000000000484828381829
:102FA0001838284848000000000000000000000019
:102FB0000000000000000000000000484828381C05
:102FC0001C382848480000000000000000000000F5
:102FD000000000000000000000000014141414148D
:102FE00014147C7C000000000000000000000000C1
:102FF000000000000000000000000000007C7C5485
:103000005454545400000000000000000000000070
:10301000000000000000000000000000447C7C4430
:10302000447C7C4400000000000000000000000020
:103030000000000000000000000000000828785C8C
:103040005C5C782808000000000000000000000020
:103050000000000000000000000000000000000070
:103060000000000000000000000000000000000060
:10307000000000000000000000000004040404043C
:103080000404047C7C00000000000000000000003C
:1030900000000000000000000000040404047C7C28
:1030A0000404047C7C00000000000000000000001C
:1030B00000000000000000000000040404047C7C08
:1030C00040603C3C60400000000000000000000048
:1030D0000000000000000000000000007C7C404078
:1030E00040404040400000000000000000000000A0
:1030F00000000000000000000000007C7C40404414
:10310000643C3C644400000000000000000000003B
:10311000000000000000000000007C7C40404028CF
:10312000785C5C78280000000000000000000000CF
:103130000000000000000000000000007C7C44440F
:10314000444444444400000000000000000000002B
:1031500000000000000000000000000074745454DF
:103160005454545C5C0000000000000000000000AB
:1031700000000000000000000000007474545C5C5B
:103180000404047C7C00000000000000000000003B
:10319000000000000000000000007474545C5C003B
:1031A0007C7C447C7C0000000000000000000000EB
:1031B000000000000000000000007474545C5C001B
:1031C0007C7C507C7C0000000000000000000000BF
:1031D00000000000000000000000007474545C5CFB
:1031E00040603C3C60400000000000000000000027
:1031F000000000000000000000007474545C5C00DB
:103200007C7C5454540000000000000000000000CA
:10321000000000000000000000007474545C5C00BA
:10322000447C447C440000000000000000000000DA
:10323000000000000000000000007474545C5C009A
:1032400028785C5C78280000000000000000000086
:103250000000000000000000000000007C7C4444EE
:103260004444447C7C00000000000000000000009A
:103270000000000000000000000000007C7C5050B6
:103280005050507C7C000000000000000000000056
:1032900000000000000000000000007C7C507C7CEE
:1032A00040603C3C60400000000000000000000066
:1032B0000000000000000000000000406030180C1A
:1032C0000C1830604000000000000000000000000A
:1032D00000000000000000000000004060305C7C46
:1032E000301C1C30604000000000000000000000A6
:1032F0000000000000000000000000000000387C1A
:103300004444447C3800000000000000000000003D
:1033100000000000000000000000004848283818A5
:103320001838284848000000000000000000000095
:103330000000000000000000000000484828381C81
:103340001C38284848000000000000000000000071
:10335000000000000000000000000000141414141D
:103360001414147C7C000000000000000000000029
:10337000000000000000000000000000007C7C5401
:103380005454545454000000000000000000000099
:10339000000000000000000000000044447C7C4469
:1033A000447C7C4444000000000000000000000059
:1033B0000000000000000000000000000828785C09
:1033C0005C5C5C7828080000000000000000000041
:1033D00000000000000000000000000000000000ED
:1033E00000000000000000000000000000000000DD
:1033F00000000000000000000004040404040404B1
:10340000047C7C00000000000000000000000000C0
:103410000000000000000000000404047C7C0404A0
:10342000047C7C00000000000000000000000000A0
:103430000000000000000000000404047C7C4060E8
:103440003C3C604000000000000000000000000064
:103450000000000000000000007C7C404040404034
:10346000404040000000000000000000000000009C
:103470000000000000000000007C7C4040404464EC
:103480003C3C64440000000000000000000000001C
:103490000000000000000000007C7C4040402878D4
:1034A0005C5C7828000000000000000000000000C4
:1034B0000000000000000000007C7C4444444444C0
:1034C0004444440000000000000000000000000030
:1034D0000000000000000000007474545454545460
:1034E000545C5C00000000000000000000000000D0
:1034F0000000000000000000007474545C5C0004D4
:10350000047C7C00000000000000000000000000BF
:103510000000000000000000007474545C5C007C3B
:103520007C447C7C000000000000000000000000E3
:103530000000000000000000007474545C5C007C1B
:103540007C507C7C000000000000000000000000B7
:103550000000000000000000007474545C5C4060D7
:103560003C3C604000000000000000000000000043
:103570000000000000000000007474545C5C007CDB
:103580007C545454000000000000000000000000C3
:103590000000000000000000007474545C5C0044F3
:1035A0007C447C440000000000000000000000009B
:1035B0000000000000000000007474545C5C287877
:1035C0005C5C7828000000000000000000000000A3
:1035D0000000000000000000007C7C44444444449F
:1035E000447C7C000000000000000000000000009F
:1035F0000000000000000000007C7C505050505043
:10360000507C7C0000000000000000000000000072
:103610000000000000000000007C7C507C7C4060CA
:103620003C3C604000000000000000000000000082
:10363000000000000000000000406030180C0C1872
:1036400030604000000000000000000000000000AA
:103650000000000000000000004060305C7C301C76
:103660001C3060400000000000000000000000006E
:1036700000000000000000000000387C4444444486
:103680007C38000000000000000000000000000086
:103690000000000000000000004868381808081802
:1036A0003868480000000000000000000000000032
:1036B000000000000000000000486838180C0C18DA
:1036C0003868480000000000000000000000000012
:1036D000000000000000000000141414141414145E
:1036E000147C7C00000000000000000000000000CE
:1036F0000000000000000000007C7C54545454542E
:1037000054545400000000000000000000000000BD
:1037100000000000000000000044447C7C44447C25
:103720007C44440000000000000000000000000095
:103730000000000000000000000828785C5C5C5C71
:1037400078280800000000000000003E5B4F5B3E50
:103750003E6B4F6B3E1C3E7C3E1C183C7E3C181C56
:10376000577D571C1C5E7F5E1C00183C1800FFE74D
:10377000C3E7FF0018241800FFE7DBE7FF30483AF3
:10378000060E2629792926407F050507407F052555
:103790003F5A3CE73C5A7F3E1C1C08081C1C3E7FDD
:1037A00014227F22145F5F005F5F06097F017F00A4
:1037B0006689956A606060606094A2FFA2940804C4
:1037C0007E040810207E201008082A1C08081C2AE5
:1037D00008081E101010100C1E0C1E0C30383E383D
:1037E00030060E3E0E06000000000000005F0000E4
:1037F0000007000700147F147F14242A7F2A122355
:103800001308646236495620500008070300001C64
:103810002241000041221C002A1C7F1C2A08083E6D
:103820000808008070300008080808080000606080
:103830000020100804023E5149453E00427F4000EE
:1038400072494949462141494D331814127F1027C6
:10385000454545393C4A4949314121110907364915
:10386000494936464949291E0000140000004034E9
:1038700000000008142241141414141400412214EE
:103880000802015909063E415D594E7C1211127C15
:103890007F494949363E414141227F4141413E7F76
:1038A000494949417F090909013E414151737F0856
:1038B00008087F00417F41002040413F017F0814FC
:1038C00022417F404040407F021C027F7F0408105D
:1038D0007F3E4141413E7F090909063E4151215E3B
:1038E0007F09192946264949493203017F01033FCF
:1038F0004040403F1F2040201F3F4038403F63145E
:1039000008146303047804036159494D43007F415F
:1039100041410204081020004141417F040201029C
:1039200004404040404000030708002054547840C1
:103930007F284444383844444428384444287F3855
:103940005454541800087E090218A4A49C787F08D7
:1039500004047800447D40002040403D007F102852
:10396000440000417F40007C047804787C08040413
:10397000783844444438FC1824241818242418FCAB
:103980007C08040408485454542404043F44243C50
:103990004040207C1C2040201C3C4030403C4428BF
:1039A0001028444C9090907C4464544C4400083659
:1039B00041000000770000004136080002010204C7
:1039C000023C2623263C1EA1A161123A4040207AE7
:1039D000385454555921555579412254547842212F
:1039E0005554784020545579400C1E527212395566
:1039F0005555593954545459395554545800004563
:103A00007C410002457D420001457C407D1211123F
:103A10007DF0282528F07C545545002054547C54D2
:103A20007C0A097F4932494949323A4444443A328E
:103A30004A4848303A4141217A3A42402078009D34
:103A4000A0A07D3D4242423D3D4040403D3C24FFE0
:103A50002424487E4943662B2FFC2F2BFF0929F68F
:103A600020C0887E090320545479410000447D41E0
:103A70003048484A32384040227A007A0A0A727D39
:103A80000D19317D2629292F282629292926304854
:103A90004D4020380808080808080808382F10C8C2
:103AA000ACBA2F102834FA00007B000008142A1446
:103AB0002222142A14085500550055AA55AA55AAC1
:103AC000FF55FF55FF000000FF00101010FF00140D
:103AD0001414FF001010FF00FF1010F010F0141469
:103AE00014FC001414F700FF0000FF00FF1414F48E
:103AF00004FC141417101F10101F101F1414141F8F
:103B000000101010F0000000001F101010101F1007
:103B1000101010F010000000FF1010101010101006
:103B20001010FF10000000FF140000FF00FF000055
:103B30001F10170000FC04F414141710171414F4C9
:103B400004F40000FF00F714141414141414F70004
:103B5000F7141414171410101F101F141414F41455
:103B60001010F010F000001F101F0000001F1400C4
:103B70000000FC140000F010F01010FF10FF1414EF
:103B800014FF141010101F00000000F010FFFFFFC2
:103B9000FFFFF0F0F0F0F0FFFFFF0000000000FF7B
:103BA000FF0F0F0F0F0F3844443844FC4A4A4A3481
:103BB0007E02020606027E027E0263554941633898
:103BC00044443C04407E201E2006027E020299A549
:103BD000E7A5991C2A492A1C4C7201724C304A4DA7
:103BE0004D303048784830BC625A463D3E494949DC
:103BF000007E0101017E2A2A2A2A2A44445F444485
:103C000040514A444040444A51400000FF0103E013
:103C100080FF000008086B6B083612362436060F4A
:103C2000090F06000018180000001010003040FFB7
:103C30000101001F01011E00191D1712003C3C3C30
:103C40003C0000000000AE2000B0C8001040813FE2
:103C5000A1A6A83FA4D300D5F0D922DA12DB208D8B
:103C600014AF524541445920626F6172643D6D65E5
:103C700067615F7375706572726963682066773D0E
:103C8000312E300065727220756E6B6E6F776E200C
:103C900000617220006472200062746E20006972FC
:103CA0002000746F75636820006D69632000736C79
:103CB0006964657220006A6F7920006B6E6F622004
:103CC000006C6967687420006779726F2000616317
:103CD00063656C200068756D69200074656D7020E7
:103CE00000646973742000183C7EFF181818003CAB
:103CF00042A581A599423C66FFFFFF7E3C180070FB
:103D00006F6E670043415053207472616666696349
:103D10002C7267622C62757A7A65722C6C6173659D
:103D2000722C6D6F746F722C736572766F2C646376
:103D30006D6F746F722C6E656F2C6C63642C666E85
:103D4000642C6F6C65642C6D61747269782C6D7075
:103D5000332C646973742C74656D702C68756D698F
:103D60002C616363656C2C6779726F2C6C69676872
:103D7000742C6B6E6F622C6A6F792C736C6964653E
:103D8000722C6D69632C62746E2C746F7563682C71
:103D900069722C64772C64722C61722C61772C749C
:103DA0006F6E6500524541445920626F6172643DF7
:103DB0006D6567615F7375706572726963682066AF
:103DC000773D312E3000080026002380113002900C
:103DD0000630023002006E009232757000646F7718
:103DE0006E0065767420746F7563682000757000CE
:103DF000646F776E006576742062746E3220007591
:103E00007000646F776E006576742062746E312086
:103E10000000002100240027002A002D003000337C
:103E20000001010000040107010A0100000A0B0261
:103E3000090C0D0E0807030401000000000000003B
:103E40000000000000000000000000000000000072
:103E5000000000000000001211100000000000002F
:103E60000000000000000000000000000000000052
:103E700000000020002300260029002C002F003223
:103E800000000100000301060109010102102020C9
:103E9000080810204010204080020102010804029E
:103EA0000101020408102040808040201008040214
:103EB000018004020180402010080402010804026D
:103EC0000101020408102040800102040810204073
:103ED0008000002200250028002B002E0031003435
:103EE0000002010000050108010B01050505050799
:103EF0000508080808020202020A0A080804040465
:103F00000401010101010101010303030303030390
:103F100003040707070C0C0C0C0C0C0C0C0202021F
:103F20000206060606060606060B0B0B0B0B0B0B12
:103F30000B008B40525511241FBECFEFD1E2DEBFE4
:103F4000CDBF00E00CBF15E0A0E0B2E0E4EBF7EB82
:103F500000E00BBF02C007900D92A631B107D9F760
:103F60002FE0A6E1B5E001C01D92A33EB207E1F744
:103F70001FE1CAE9DFE100E006C021970109802FB7
:103F8000FE010E947B5AC939D10780E00807A9F7D2
:103F90000E947A420C94C85B0C94000091E09093CC
:103FA0006E0A8093900A10926F0A1092910A0895F7
:103FB00008950895E8E7FCE0148E138E168E158E92
:103FC00010A2178E12A211A214A213A216A215A259
:103FD00010A617A212A611A608951F93CF93DF93E0
:103FE00011E0180F2091B20C1217A1F1C091B30C7F
:103FF000D091B40C215070E060E061F08F3FF1F49B
:1040000030E050E040E06FEF7FEF80E090E00E9412
:104010005658B901FE014091AE0C5091AF0CCF0142
:104020008C1B9D0B8417950798F44081469FC00117
:10403000479F900D112490833196EDCF812F90E012
:10404000982F88270197622F70E00E94675AE2CF6D
:104050001093B20CDF91CF911F91089508954F9264
:104060005F926F927F928F929F92AF92BF92FF92D8
:104070002091AC0C3091AD0C8217930708F043C02F
:104080002B0166247724852E962EA72EBB24B82DCF
:10409000A42F2091B20CF42C222391F0E22FF0E017
:1040A000E49DD001E59DB00DF49DB00D1124FB2ED3
:1040B000289D40011124B92D249F90011124A32F84
:1040C000E091B80C2091B30C3091B40C5091B50C28
:1040D000E51323C0FC01EE0FFF1F8E0F9F1F820F01
:1040E000931FE091B50CE80FF92FF11DF082E091DC
:1040F000B60CE80FF92FF11DB0832091B70C820F99
:10410000911DFC01A083FF90BF90AF909F908F9076
:104110007F906F905F904F900895880F991F880F40
:10412000991F820F931FE80FF92FF11D1082D9CF2D
:104130008150823108F05AC0E82FF0E08827EC5512
:10414000FF4D8F4F0C947B5AC420C820B620BC2052
:10415000C020F620CB20D120D520DB20DF20E3209B
:10416000E920ED20F620F120F720FB20809180004F
:104170008F77809380000895809180008F7DF9CFA4
:1041800080918000877FF5CF84B58F7784BD0895B7
:1041900084B58F7DFBCF8091B0008F778093B00086
:1041A00008958091B0008F7DF9CF809190008F7736
:1041B000809390000895809190008F7DF9CF809139
:1041C0009000877FF5CF8091A0008F778093A0002B
:1041D00008958091A0008F7DF9CF8091A000877F06
:1041E000F5CF809120018F778093200108958091F1
:1041F00020018F7DF9CF80912001877FF5CFCF936C
:10420000DF93282F30E0F901E55DF14C8491F9014D
:10421000E557F14CD491F901E551F14CC491CC230F
:10422000A1F081110E949820EC2FF0E0EE0FFF1F0B
:10423000EF58F14CA591B491EC91ED2381E090E021
:1042400009F480E0DF91CF91089580E090E0FACF0B
:104250001F93CF93DF93282F30E0F901E55DF14CF8
:104260008491F901E557F14CD491F901E551F14CF4
:10427000C491CC23A9F0162F81110E949820EC2F15
:10428000F0E0EE0FFF1FEF52F14CA591B4918FB704
:10429000F894EC91111108C0D095DE23DC938FBF08
:1042A000DF91CF911F910895DE2BF8CFCF93DF934D
:1042B00090E0FC01E557F14C24918551914CFC01B3
:1042C00084918823C9F090E0880F991FFC01EF5E6C
:1042D000F14CA591B491FC01EF52F14CC591D491F0
:1042E00061110DC09FB7F8948C91209582238C9317
:1042F0008881282328839FBFDF91CF910895623062
:1043000051F49FB7F8943C91822F809583238C932E
:10431000E8812E2BEFCF8FB7F894EC912E2B2C93B6
:104320008FBFEACF1F93CF93DF93182FEB0161E08C
:104330000E945621209739F460E0812FDF91CF91C0
:104340001F910C942821CF3FD10511F461E0F5CFE6
:10435000E12FF0E0E55DF14CE491E150E23108F04D
:10436000B3C0F0E08827E854FE4D8F4F0C947B5A81
:10437000CA21D221D721E121EB216422F521FD219F
:1043800005220F221922232232223C2264224622B5
:1043900050225A2284B5806884BDC7BDDF91CF9179
:1043A0001F91089584B5806284BDC8BDF7CF809108
:1043B0008000806880938000D0938900C09388003B
:1043C000EDCF80918000806280938000D0938B003D
:1043D000C0938A00E3CF8091800088608093800042
:1043E000D0938D00C0938C00D9CF8091B0008068AD
:1043F0008093B000C093B300D1CF8091B0008062B1
:104400008093B000C093B400C9CF809190008068C1
:1044100080939000D0939900C0939800BFCF809173
:104420009000806280939000D0939B00C0939A008C
:10443000B5CF80919000886080939000D0939D00CC
:10444000C0939C00ABCF8091A00080688093A000B7
:104450008091A0008F7B8093A000D093A900C0938F
:10446000A8009CCF8091A00080628093A000D09390
:10447000AB00C093AA0092CF8091A0008860809387
:10448000A000D093AD00C093AC0088CF80912001F4
:10449000806880932001D0932901C09328017ECFAA
:1044A00080912001806280932001D0932B01C093E2
:1044B0002A0174CF80912001886080932001D093DD
:1044C0002D01C0932C016ACFC038D1050CF03ECF2E
:1044D00033CF8230910538F0880F991F880F991FCC
:1044E00005970197F1F708954F925F926F927F922F
:1044F0008F929F92AF92BF92FF920F931F93CF9391
:10450000DF93F62E5901BA0190E080E00E94055732
:104510009B01AC0160E074E284E799E40E94765963
:104520000E94E859072E000C880B990B0E94075730
:104530002B013C0120E030E040E05FE30E94665741
:104540000E94E859EB0161E08F2D0E945621C501C0
:10455000B8010E94055720E030E04AE754E40E9489
:104560006657A30192010E9476594B015C0101E05C
:1045700010E0B801012E000C880B990B0E94075720
:10458000A50194010E94005718168CF061E08F2D50
:104590000E942821CE010E94692260E08F2D0E9496
:1045A0002821CE010E9469220F5F1F4FE2CFDF91C9
:1045B000CF911F910F91FF90BF90AF909F908F90E0
:1045C0007F906F905F904F9008953FB7F8948091DF
:1045D000180A9091190AA0911A0AB0911B0A26B5DF
:1045E000A89B05C02F3F19F00196A11DB11D3FBF2B
:1045F000BA2FA92F982F8827BC01CD01620F711DFA
:10460000811D911D42E0660F771F881F991F4A95F3
:10461000D1F708950F931F93CF93DF9300D000D06D
:1046200000D0CDB7DEB78091B30C9091B40C892B3C
:1046300009F47CC00E94E5220091B90C1091BA0CDB
:104640002091BB0C3091BC0C601771078207930757
:1046500040F46093B90C7093BA0C8093BB0C9093A8
:10466000BC0C0091B90C1091BA0C2091BB0C30918C
:10467000BC0C601B710B820B930B6C32714081057B
:104680009105C0F2F8948091AE0C9091AF0C9A8392
:104690008983E091B30CF091B40CDF011196808115
:1046A00089879091AA0CE091BD0CF091BE0C80918D
:1046B000BF0C992309F445C09081982B988790816D
:1046C000809589238F838F818C8388E08B835885A5
:1046D0006F8149853B812C8189819A81508347FD77
:1046E000252F3A952083262F39F0441F00C0000063
:1046F0006083000000C0F2CF38E04D91608300007D
:10470000019761F7F093BE0CE093BD0C49873B83A2
:104710002C839A83898378940E94E5226093B90C54
:104720007093BA0C8093BB0C9093BC0C29960FB677
:10473000F894DEBF0FBECDBFDF91CF911F910F91D7
:1047400008959081982B98879081809589238F83F5
:104750008F818E8388E08D8358856F8149853D8167
:104760002E8189819A81508347FD252F00C000C08A
:10477000208300C000C000C000C000C060830000F3
:10478000262F3A9541F0441F000000C000C000C031
:1047900000C000C0E8CF38E04D9100C0608300C089
:1047A000019709F7F093BE0CE093BD0C49873D8358
:1047B0002E83AFCF8F929F92AF92BF92CF92DF9214
:1047C000EF92FF926B017C010E94E5224B015C019C
:1047D000C114D104E104F104B9F00E94E522681982
:1047E00079098A099B09683E73408105910580F328
:1047F00021E0C21AD108E108F10888EE880E83E0B2
:10480000981EA11CB11CE4CFFF90EF90DF90CF90D9
:10481000BF90AF909F908F9008952FB7F8946091BC
:10482000140A7091150A8091160A9091170A2FBFE9
:104830000895AF92BF92CF92DF92EF92FF920F93C3
:104840001F93CF93DF936C017B018B01040F151F26
:10485000EB015E01AE18BF08C017D10759F069918E
:10486000D601ED91FC910190F081E02DC6011995E2
:10487000892B79F7C501DF91CF911F910F91FF909F
:10488000EF90DF90CF90BF90AF900895FC01538DD3
:10489000448D252F30E0842F90E0821B930B54171A
:1048A00010F0CF96089501970895FC01918D828DA7
:1048B000981761F0A28DAE0FBF2FB11D5D968C9140
:1048C000928D9F5F9F73928F90E008958FEF9FEF7F
:1048D0000895FC01918D828D981731F0828DE80F3B
:1048E000F11D858D90E008958FEF9FEF0895FC01F5
:1048F000918D228D892F90E0805C9F4F821B9109C2
:104900008F739927089582E99AE00E94772421E025
:10491000892B09F420E0822F0895FC01A48DA80FB3
:10492000B92FB11DA35ABF4F2C91848D90E00196F1
:104930008F739927848FA689B7892C93A089B18911
:104940008C91837080648C93938D848D981306C0B2
:104950000288F389E02D80818F7D80830895EF9216
:10496000FF920F931F93CF93DF93EC0181E0888F29
:104970009B8D8C8D98131AC0E889F989808185FFF9
:1049800015C09FB7F894EE89FF896083E889F9899B
:1049900080818370806480839FBF81E090E0DF919D
:1049A000CF911F910F91FF90EF900895F62E0B8DF0
:1049B00010E00F5F1F4F0F731127E02E8C8D8E11AB
:1049C0000CC00FB607FCFACFE889F989808185FF12
:1049D000F5CFCE010E948D24F1CFEB8DEC0FFD2F92
:1049E000F11DE35AFF4FF0829FB7F8940B8FEA89CD
:1049F000FB8980818062CFCF0F931F93CF93DF938A
:104A00008C01D0E0C0E0F801EC0FFD1F649166233B
:104A100041F082E99AE00E94AF24892B11F021969F
:104A2000F2CFCE01DF91CF911F910F910895CF93D7
:104A3000DF93EC01888D8823B9F0AA89BB89E889C6
:104A4000F9898C9185FD03C0808186FD0DC00FB66C
:104A500007FCF7CF8C9185FFF2CF808185FFEDCFEA
:104A6000CE010E948D24E9CFDF91CF91089580E09F
:104A700090E0892B29F00E94832481110E9400007C
:104A800080E090E0892B49F080E090E0892B29F0CC
:104A90000E94000081110E94000080E090E0892BBC
:104AA00049F080E090E0892B29F00E9400008111FC
:104AB0000E94000080E090E0892B49F080E090E0C7
:104AC000892B29F00E94000081110C9400000895A8
:104AD000AF92BF92CF92DF92EF92FF920F931F930C
:104AE000CF93DF936B017A01EC01C656DA4F288130
:104AF0003CE0389F8001399F100D1124A090BF0B1E
:104B0000B12C27FF1FC0FB011182108288818F5FAB
:104B1000888388819801280F311D87FD3A95F60119
:104B20002A153B051CF488818C30C4F18081918169
:104B3000049680349C4908F473C0F6018081918109
:104B4000049670C088819801280F311D87FD3A9521
:104B50002A153B05DCF68881A801480F511D87FD09
:104B60005A95FA01EE0FFF1FE40FF51FE15DF44FB8
:104B7000808186FFCBCF8881F801E80FF11D87FD8A
:104B8000FA95CF01EE0FFF1FE80FF91FE15DF44F1B
:104B9000808160E08F730E942821B8CF808191814D
:104BA0002881A801420F511D27FD5A959A01FA014B
:104BB000EE0FFF1FE20FF31FE15DF44F2181328101
:104BC000820F931FF7019183808388819801280FBA
:104BD000311D87FD3A95F901EE0FFF1FE20FF31F1C
:104BE000E15DF44F808186FF22C08881080F111D8E
:104BF00087FD1A95F801EE0FFF1FE00FF11FE15D31
:104C0000F44F808161E08F73DF91CF911F910F91FD
:104C1000FF90EF90DF90CF90BF90AF900C94282141
:104C200080E49CE9F701918380838FEF8883DF9193
:104C3000CF911F910F91FF90EF90DF90CF90BF9099
:104C4000AF9008952091A0053091A105281739074C
:104C500071F490919E0580919F05981741F0E09125
:104C60009E05F0E0E65AFA4F808190E008958FEFBC
:104C70009FEF0895EF92FF920F931F93CF93DF93CF
:104C8000DC015C96ED90FC905D97E114F10479F401
:104C900081E090E013969C938E93129790E080E0D1
:104CA000DF91CF911F910F91FF90EF900895519652
:104CB000ED91FC91529750968C915097982F90952A
:104CC0000FB75E962C915E97122F127021FD6095A2
:104CD000F8942081112319F1282B2083E7012197D3
:104CE000F1F728E0462F50E0308160FF1AC0382BE2
:104CF0003083E7012197F1F7BA0175956795215047
:104D000089F7112381F08081892380830FBF5C960E
:104D10008D919C910197F1F781E090E0C1CF29231B
:104D2000DCCF3923E5CF9081892BEFCFCF93C82FEC
:104D30006EE785EC9BE00E943A266FEF85EC9BE0E6
:104D40000E943A2666E085EC9BE00E943A2666E0E7
:104D500085EC9BE00E943A2660E085EC9BE00E9497
:104D60003A2660E085EC9BE00E943A266C2F85ECA9
:104D70009BE00E943A266FEE85EC9BE00E943A266B
:104D80006AE070E080E090E0CF910C94DA2320910B
:104D9000A0053091A1052817390761F480919F057E
:104DA00020919E0590E0805C9F4F821B91098F733C
:104DB0009927089590E080E008952091A005309112
:104DC000A10528173907B9F490919E0580919F0598
:104DD000981789F0E0919E05F0E0E65AFA4F80813D
:104DE00020919E0530E02F5F3F4F2F733327209394
:104DF0009E0590E008958FEF9FEF0895E091A00544
:104E0000F091A105E817F90769F4A389B4899C9189
:104E10008589809589238C931092A1051092A00515
:104E200081E0089580E008954830510580F56830AC
:104E3000710568F5DC015696EC91E23049F1E330FA
:104E400091F1E13031F4E7E0F0E0E41BF50BAB0168
:104E5000BF01695F7F4F440F551FDC01A40FB51FD1
:104E60005B968D919C915C9767707727E1E0F0E00D
:104E7000AF0102C0440F551F6A95E2F7BA01232B18
:104E8000C9F0682B792B5C967C936E935B970895A1
:104E9000E7E0F0E0DF01A61BB70BBD01DF01A41BBB
:104EA000B50BAD01D6CFE7E0F0E0E61BF70BBA019A
:104EB000AF01CFCF6095709568237923E4CF089533
:104EC000FC016370668B8481958126813781613016
:104ED00039F0633029F091878087338722870895DE
:104EE000318720879387828708952F923F924F9230
:104EF0005F926F927F928F929F92AF92BF92CF926A
:104F0000DF92EF92FF920F931F93CF93DF93CDB772
:104F1000DEB76A970FB6F894DEBF0FBECDBF9A8F8B
:104F2000898F7A8369834A01D22E18870F833701CC
:104F3000BC2CDC0159962D913C915A9721153105D5
:104F400009F015C118968D919C91199768177907EA
:104F50000CF0D7C11A968D919C91481759070CF007
:104F6000D0C14C2C512CB6E0CB9E600D711D11248C
:104F70007C876B87161617060CF0C3C1EA2DF0E08C
:104F8000FA87E98793E0EE0FFF1F9A95E1F7F88B18
:104F9000EF87CF01840F951F181619060CF0B1C1C9
:104FA000A98DBA8D58968C91811104C0BFEABD15A8
:104FB00008F4D394A98DBA8DED91FC9111970284D8
:104FC000F385E02DCD011995B5E0DB9EC0011124DC
:104FD000E981FA81FC83EB83312C212C9C012A5B33
:104FE000384C388F2F8B4A2D50E05E8B4D8BEF89DC
:104FF000F88DE20DF31D44919E828D82D12CC12C3F
:1050000069817A81620D731D7A8B698B842F90E0A0
:105010009C8B8B8BE98DFA8DA081B18140FF82C082
:10502000F1E0BF126FC0AF126DC01C96ED91FC9104
:105030002F813885A4014C0D5D1D69897A89898D80
:105040009A8D1995EB89FC89F595E7954E2F5FEFC1
:10505000C51AD50A6D817E818D899E89680F791F59
:105060007E836D8398E0C916D10481F6AFEF2A1ACA
:105070003A0AEB81FC81E40DF51DFC83EB83F5E03E
:105080002F16310409F0B3CF2F8138852615370547
:10509000B9F0A98DBA8DED91FC91B1E0BB1257C06A
:1050A000AB1255C069817A816B5F7F4F0088F189AF
:1050B000E02D830128E030E0A401898D9A8D1995B7
:1050C000A98DBA8DED91FC9111970688F789E02D95
:1050D000CD016A960FB6F894DEBF0FBECDBFDF914B
:1050E000CF911F910F91FF90EF90DF90CF90BF90E5
:1050F000AF909F908F907F906F905F904F903F9078
:105100002F9019941E96ED91FC91EF80F8840985FB
:105110001A8592014D815E816B817C81898D9A8D8A
:10512000199590CF2F8138852615370509F48ACF38
:1051300031E0B31207C0A31205C01C96ED91FC919B
:10514000930178CF1E96ED91FC917301E0CF6B85B2
:105150007C85641975090684F785E02D73010F8538
:1051600018899201A401898D9A8D1995A9CFF90109
:1051700034969491329745915491D91AB7E0DB9EB9
:10518000400D511D1124F901259134913C8B2B8B3D
:10519000FA0125903490FA01329674903196349148
:1051A000398B329664903196449041E04C1518F05A
:1051B0004A1508F07FC0662D062C000C770B7C8307
:1051C0006B83842D042C000C990B9E838D83A98DF9
:1051D000BA8DED91FC9111970284F385E02DCD01FC
:1051E0001995512CD12CC12CEA2DF0E0FA87E987D2
:1051F0002B2D30E03C872B87A401440D511D47FC2B
:105200005A95588F4F8B69817A81660D711D67FCA5
:105210007A957E876D877989C71608F051CF2C2D36
:1052200030E04D815E81420F531FA985BA854A9FA8
:10523000C0014B9F900D5A9F900D1124FC01E80D69
:10524000F91DF88BEF87852D612C4F89588D420F02
:10525000531F5E8B4D8B671408F050C04424439459
:10526000480E877041F4C1010196EB89FC89E20D7B
:10527000F31DD4901C01D7FE19C0A98DBA8DED91F4
:10528000FC91662D70E0B1E0BB1219C0AB1217C0E3
:105290002D853E85620F731F0484F585E02D2F81D7
:1052A00038854D895E89898D9A8D1995DD0C6394B9
:1052B000842DD1CF1E821D821C821B8288CF4B8100
:1052C0005C81640F751FAB85BC856A9FC0016B9FB5
:1052D000900D7A9F900D112469817A81680F791F52
:1052E0000684F785E02DEF80F88409851A859D01F5
:1052F0004F855889898D9A8D1995D8CF570CC394AD
:105300008ACF6A960FB6F894DEBF0FBECDBFDF918D
:10531000CF911F910F91FF90EF90DF90CF90BF90B2
:10532000AF909F908F907F906F905F904F903F9045
:105330002F9008958F929F92AF92CF92EF92FF920B
:105340000F931F93CF93DF93EC01262F898D9A8DB6
:10535000009709F051C06A30D1F41D861C868D89F2
:1053600048E0849F900111248E859F85820F931FB2
:105370009F878E8781E090E0DF91CF911F910F9101
:10538000FF90EF90CF90AF909F908F9008956D30E9
:1053900089F3CC88AD888F898823C1F08C859D8561
:1053A00036E0C39E800D911D11244885598548170C
:1053B000590764F44E855F851D861C8638E0A39EE0
:1053C000C0011124840F951F9F878E87EA88FB8870
:1053D000088919894E855F856C857D85CE010E947F
:1053E00075272C898C859D8546E0249F800D911D15
:1053F00011249D878C87BECF6A3069F41D861C8678
:10540000FC013896E4912D898E859F85E29F800D61
:10541000911D1124ADCF6D3009F4ACCFFC01349651
:105420003491631708F4A6CF3296E491E61708F496
:10543000A1CFFC01329685909490462F431B342FC8
:1054400047E0349F800C911C1124F4013296349172
:105450003196E4913323A9F1EE2399F1CC88F4013C
:105460003596E491AD884F89442301F10E2E000C4E
:10547000FF0BE30FF11DCE9EA001CF9E500D112416
:105480006C857D85460F571F68857985641775077C
:105490006CF44E855F851D861C86FC013896E49170
:1054A000AE9E400D511D11245F874E87EA88FB8810
:1054B000088919894E855F856C857D85CE010E949E
:1054C0007527F4013496E4912C898C859D85E29FA3
:1054D000800D911D11248DCF6F927F928F929F929C
:1054E000AF92BF92CF92DF92EF92FF920F931F93F2
:1054F000CF93DF93EC016B015A0139014801E88138
:10550000F9810284F385E02D1995E881F9810288FB
:10551000F389E02D87019301A501B601CE0119950C
:10552000A501480D591D41505109E881F9810288B2
:10553000F389E02D9301B601CE011995E881F98137
:105540000088F189E02D9401A501B601CE011995DD
:10555000C60CD71CB60161507109E881F981008839
:10556000F189E02D9401A501CE011995E881F98119
:105570000688F789E02DCE01DF91CF911F910F9121
:10558000FF90EF90DF90CF90BF90AF909F908F9063
:105590007F906F9019946F927F928F929F92AF92AB
:1055A000BF92CF92DF92EF92FF920F931F93CF9310
:1055B000DF935C01EB016A01490138018701DC01DD
:1055C000ED91FC916217730719F5641675062CF0BE
:1055D000962D872D3A01C92ED82E96012619370906
:1055E0002F5F3F4F048CF58DE02DA301BE01C50157
:1055F0001995DF91CF911F910F91FF90EF90DF9060
:10560000CF90BF90AF909F908F907F906F900895B4
:105610004615570591F42617370724F0892D4B01BD
:10562000C22FD82F9E01281939092F5F3F4F068CB2
:10563000F78DE02DA601B401DACF0284F385E02DC9
:105640001995D501ED91FC910488F589E02D830130
:105650009401A601BE01C5011995D501ED91FC91FA
:105660000688F789E02DC501DF91CF911F910F9139
:10567000FF90EF90DF90CF90BF90AF909F908F9072
:105680007F906F901994EF92FF920F931F93DC011C
:105690001A960D911C911B9718962D913C91199774
:1056A000ED91FC9100A0F1A1E02D7B0150E040E0E4
:1056B00070E060E019951F910F91FF90EF900895B1
:1056C0004F925F926F927F928F929F92AF92BF9212
:1056D000CF92DF92EF92FF920F931F93CF93DF93BE
:1056E0006C012B015A0139014801DC01ED91FC915B
:1056F0000284F385E02D1995E201640C751CD60136
:10570000ED91FC91C615D7055CF40088F189E02D78
:1057100087019401A501BE01C60119952196EFCF1D
:105720000688F789E02DC601DF91CF911F910F9177
:10573000FF90EF90DF90CF90BF90AF909F908F90B1
:105740007F906F905F904F9019948F929F92AF923D
:10575000BF92CF92DF92EF92FF920F931F93CF935E
:10576000DF93EC015B014A016901E881F981028460
:10577000F385E02D199595012C0D3D1D2150310922
:10578000E881F9810488F589E02D78018401A4017C
:10579000B501CE011995E881F9810688F789E02DD8
:1057A000CE01DF91CF911F910F91FF90EF90DF908D
:1057B000CF90BF90AF909F908F9019948F929F92AF
:1057C000AF92BF92CF92DF92EF92FF920F931F930F
:1057D000CF93DF93EC015B014A0169017801E88115
:1057E000F9810284F385E02D1995C80CD91C860136
:1057F00001501109E881F9810488F589E02D9501AE
:10580000A401B501CE011995E881F9810688F789CF
:10581000E02DCE01DF91CF911F910F91FF90EF907E
:10582000DF90CF90BF90AF909F908F901994EF92A0
:10583000FF920F931F93DC01ED91FC9100A0F1A169
:10584000E02D19951F910F91FF90EF9008950F9300
:105850001F93DC01ED91FC91068CF78DE02D1995DD
:105860001F910F9108950F931F93DC01ED91FC910F
:10587000048CF58DE02D19951F910F910895DC0191
:10588000ED91FC910084F185E02D19942F923F92C7
:105890004F925F926F927F928F929F92AF92BF9240
:1058A000CF92DF92EF92FF920F931F93CF93DF93EC
:1058B00000D000D0CDB7DEB73C016A013E832D8316
:1058C000FC82EB825801A41AB50AB7FE03C0B1945A
:1058D000A194B1088D809E80861A970A97FE03C016
:1058E0009194819491088A149B045CF0902F812FED
:1058F0000D811E819D838E839C2D8D2D6B01692FC3
:10590000782F0C151D055CF09D818E817E836D8343
:10591000692F782F902F812F8601C92ED82E16013E
:10592000201A310A2B012D813E81421A530A57FE5B
:1059300003C0519441945108710137FE03C03FEFF9
:10594000E31AF30AF594E7948D819E8186179707F1
:105950005CF5A1E0B0E0BA83A983C016D1064CF192
:10596000D301ED91FC910484F585E02D2B813C81E0
:10597000A8016D817E818A149B041CF04D815E819B
:10598000B801C3011995E418F508F7FE0AC02D8186
:105990003E8189819A81280F391F3E832D83E20C35
:1059A000F31C0F5F1F4FD9CF2FEF3FEF3A832983AF
:1059B000D4CF26960FB6F894DEBF0FBECDBFDF91D1
:1059C000CF911F910F91FF90EF90DF90CF90BF90FC
:1059D000AF909F908F907F906F905F904F903F908F
:1059E0002F900895089520913705260F3327331FF0
:1059F00021323105ECF42091680AFC0190E080E04E
:105A0000243069F082E00895A09137052191AC011E
:105A1000495E5A4FA40FB52FB11D2C9301968617DE
:105A200098F380913705680F6093370580E00895FB
:105A300081E008951092680A81E08093670A1092CD
:105A4000420A61E084E10E94282161E085E10E9430
:105A50002821E9EBF0E080818E7F808380818D7F3B
:105A6000808388E48093B80085E48093BC00089527
:105A70001092410A1092400A10926F0A1092910AF5
:105A80000E941A2D88ED9FE190933F0A80933E0A71
:105A900089ED9FE190933D0A80933C0A0895CF934E
:105AA000DF9391E0909316058823B9F0C091B80078
:105AB000D091BA008091BC008A7B8093BC0060E0EA
:105AC00084E10E94282160E085E10E9428210E9453
:105AD0001A2DD093BA00C093B800DF91CF910895EA
:105AE0008F929F92AF92BF92CF92DF92EF92FF92EE
:105AF0000F931F93CF93DF93D091910AD13208F087
:105B0000D7C0182FC091900A0E94E5226B017C013A
:105B10008091680A81116BC082E08093680A1093BB
:105B2000670A8FEF8093660A1092650AD093640A21
:105B3000A0E7BAE0E4E4FAE080E0D81391C0109264
:105B4000430A8091430ACC0FC82BC093430A80912B
:105B5000420A813009F088C01092420A0E94E52270
:105B60006B017C018091430A8093BB0080916A0A9B
:105B700090916B0AA0916C0AB0916D0A892B8A2BC7
:105B80008B2BA1F00E94E52200916A0A10916B0A0A
:105B900020916C0A30916D0A6C197D098E099F095C
:105BA000061717072807390708F442C08091BC0080
:105BB00083FDD8CF85EC8093BC000E94E5226B0169
:105BC0007C018091680A823009F450C08091660A95
:105BD0008F3F09F46FC08091660A803209F46CC06F
:105BE0008091660A803309F469C084E026C0809100
:105BF0006A0A90916B0AA0916C0AB0916D0A892B88
:105C00008A2B8B2B09F484CF0E94E52280906A0AAC
:105C100090906B0AA0906C0AB0906D0A6C197D0987
:105C20008E099F0986169706A806B90608F070CF58
:105C30008091690A0E944F2D85E010926F0A1092A0
:105C4000910A10926E0ADF91CF911F910F91FF90F0
:105C5000EF90DF90CF90BF90AF909F908F9008957E
:105C60009D9191938F5F69CF85EEA5CF80916A0A50
:105C700090916B0AA0916C0AB0916D0A892B8A2BC6
:105C80008B2B09F49ECF0E94E52200916A0A1091A5
:105C90006B0A20916C0A30916D0A6C197D098E098E
:105CA0009F09061717072807390708F08ACFC0CFC2
:105CB00081E0C3CF80E0C1CF82E0BFCF83E0BDCF22
:105CC000CF92DF92EF92FF920F931F93CF93DF93C8
:105CD000D82FC62F613208F098C00E94E5226B01D0
:105CE0007C018091680A81116BC081E08093680A11
:105CF0008093670A9FEF9093660A1092650A9C0F43
:105D00009093640A8093430A8091430ADD0FD82B55
:105D1000D093430A8091420A813009F078C01092F2
:105D2000420A0E94E5226B017C018091430A809324
:105D3000BB0080916A0A90916B0AA0916C0AB091A5
:105D40006D0A892B8A2B8B2BA1F00E94E5220091F2
:105D50006A0A10916B0A20916C0A30916D0A6C19D5
:105D60007D098E099F09061717072807390708F4C8
:105D700048C08091BC0083FDD8CF85EC8093BC00E7
:105D80000E94E5226B017C018091680A813009F450
:105D900040C08091650A8C1710F4C091650AE4E454
:105DA000FAE0ACE1BAE080E08C1355C08C2FDF91B3
:105DB000CF911F910F91FF90EF90DF90CF900895BA
:105DC00080916A0A90916B0AA0916C0AB0916D0A59
:105DD000892B8A2B8B2B09F484CF0E94E52200911A
:105DE0006A0A10916B0A20916C0A30916D0A6C1945
:105DF0007D098E099F09061717072807390708F03C
:105E000070CF8091690A0E944F2DC0E0CFCF85EE00
:105E1000B5CF80916A0A90916B0AA0916C0AB091FB
:105E20006D0A892B8A2B8B2B09F4AECF0E94E522B9
:105E300000916A0A10916B0A20916C0A30916D0AE8
:105E40006C197D098E099F0906171707280739075E
:105E500008F09ACFD6CF91919D938F5FA5CFE09117
:105E6000410A8091400AE81730F4F0E0E45EF54F13
:105E7000808190E008958FEF9FEF08959091410AFF
:105E80008091400A2FEF3FEF981748F4E92FF0E098
:105E9000E45EF54F208130E09F5F9093410AC90195
:105EA00008958091400A9091410A891B990B0895A9
:105EB000CF92DF92EF92FF920F931F93CF93DF93D6
:105EC0007C01CB018A0120916E0A222389F0EB012B
:105ED0006B01C40ED51ECC15DD0569F06991D701A3
:105EE000ED91FC910190F081E02DC7011995F3CF60
:105EF000642F0E94F32CC801DF91CF911F910F9165
:105F0000FF90EF90DF90CF900895CF93DF931F9293
:105F1000CDB7DEB7698320916E0A2223F9F0209174
:105F2000910A203258F021E030E0FC0133832283D3
:105F300090E080E00F90DF91CF91089580916F0AFB
:105F4000E82FF0E0E059F54F998190838F5F8093BF
:105F50006F0A8093910A81E090E0ECCF61E0CE017E
:105F600001960E94F32CF7CF81E00C94702D0F93D3
:105F70001F93CF93DF93082F162F88E60E94CE1F22
:105F8000C0EFDBE088819981DC01ED91FC9101900B
:105F9000F081E02D602F199588819981DC01ED91C8
:105FA000FC910190F081E02D612F199588819981F4
:105FB000DF91CF911F910F910C94B42F0F931F93EA
:105FC000CF93DF93EC01162F072F8A810E94CE1FFB
:105FD0008A8D9B8DDC01ED91FC910190F081E02D8B
:105FE000602F19958A8D9B8DDC01ED91FC910190BC
:105FF000F081E02D612F19958A8D9B8D0E94B42F21
:10600000882341F081E8898F80E0DF91CF911F9153
:106010000F91089581E0F9CFCF93DF93EC018A814E
:106020000E94CE1F8A8D9B8D0E94B42F282F30E0B6
:106030002115310511F084E8898F81E0232B09F0C7
:1060400080E0DF91CF910895CF93DF93EC018B81B6
:10605000882371F088810E94CE1F89819A810E94D5
:10606000B42F91E0811190E0892FDF91CF910895B5
:106070000E94382D81E08B83CE010E942430982F1E
:106080008111E8CFF1CF90E080E00895DC01ED913F
:10609000FC910190F081E02D19940F931F93CF9301
:1060A0008C01C62FFC0184810E94CE1FF8016385FC
:1060B000C62B6C2F70E084EE9BE00E94463084EE8D
:1060C0009BE0CF911F910F910C94B42FAF92BF9290
:1060D000DF92EF92FF920F931F93CF93DF9308EA23
:1060E00015E0C0E08CE30E94CE1F70E060E084EE1B
:1060F0009BE00E9446306C2F606B70E084EE9BE06A
:106100000E94463070E060E084EE9BE00E944630E2
:1061100060E170E084EE9BE00E94463084EE9BE0FC
:106120000E94B42F7801D0E08CE30E94CE1F60E47F
:1061300070E084EE9BE00E944630570180E1D82E4B
:10614000F50161915F0184EE9BE00E94852FDA9456
:10615000D110F6CF84EE9BE00E94B42FD05FF0E127
:10616000EF0EF11CD03801F7CF5F00581F4FC83039
:1061700009F0B8CFDF91CF911F910F91FF90EF9071
:10618000DF90BF90AF900895CF92DF92EF92FF9291
:106190000F931F93CF93DF937C01162F042FC52EEF
:1061A000613208F060E2D70112968C910E94602E55
:1061B0001092410A8093400A181313C0D02EC02FAA
:1061C000DC2D8C2F8D198117C8F4F701828D938DEA
:1061D000DC01ED91FC910284F385E02D1995899302
:1061E000F0CF82E8F701818F80E0DF91CF911F919E
:1061F0000F91FF90EF90DF90CF90089581E0F5CF61
:10620000EF92FF920F931F93CF93DF93DC011496CD
:106210002D913C912417350710F490E01DC0EA0140
:106220007B018C01FC0180810E94CE1FD801119658
:106230008D919C91DC01ED91FC910280F381E02D28
:10624000AE01B7011995C817D90739F781E00E9447
:10625000702D91E08111E1CF892FDF91CF911F91B6
:106260000F91FF90EF900895CF93DF93CDB7DEB7F6
:1062700061970FB6F894DEBF0FBECDBF1982A3E9B8
:10628000BCE0FE013196BF019C9111968C91119753
:1062900012969183828332968CE0A33AB807A1F7D5
:1062A00041E150E08091A30C9091A40C0E94003138
:1062B00061960FB6F894DEBF0FBECDBFDF91CF91D0
:1062C0000895CF93DF931F92CDB7DEB7806E898399
:1062D00041E050E0BE016F5F7F4F8091A30C909131
:1062E000A40C0E9400310F90DF91CF9108950F937D
:1062F0001F93CF938C01C62F0E944D306C2F64608A
:10630000C8010E944D306C2F6B7FC8010E944D3038
:1063100083EC90E00197F1F7CF911F910F910895D1
:106320000F931F93CF93DF938C01D62FC42F607FE1
:10633000642B0E94773180E1D89FB00111246C2B2F
:10634000C801DF91CF911F910F910C94773141E0FB
:106350000E94903181E090E0089540E061E00E9469
:1063600090318BE39FE10197F1F708950F931F930D
:10637000CF93DF93EC010E94382D1D8289858230F6
:1063800010F098E09D839A85992329F0813019F4C3
:106390008D8184608D8362E370E080E090E00E94F4
:1063A000DA236B85CE010E944D3068EE73E080E009
:1063B00090E00E94DA2360E3CE010E9477310BE483
:1063C00016E4C8010197F1F760E3CE010E9477312E
:1063D000C8010197F1F760E3CE010E94773183E5B0
:1063E00092E00197F1F760E2CE010E9477316D8172
:1063F000606240E0CE010E94903184E08E8340E0F4
:106400006CE0CE010E949031CE010E94AD3182E05D
:106410008F8340E066E0CE010E94903140E062E070
:10642000CE010E9490318BE39FE10197F1F7DF915C
:10643000CF911F910F910895E8EAF5E080E094E094
:10644000DF019C011D9221503040E1F70895A5EC39
:10645000BCE011968C931197282F30E0F901E55795
:10646000F14CE4911496EC931497F901E551F14C39
:10647000E491F0E0EE0FFF1FEF58F14C25913491BD
:1064800013963C932E93129760E00C9456218F92B2
:106490009F92AF92BF92CF92DF92EF92FF92CF93F3
:1064A000DF93EC010E94E5226B017C014B015C0152
:1064B00087E0880E911CA11CB11CF89461E08091CA
:1064C000C00C0E9428218091C30C9091C40C0E94A2
:1064D000692260E08091C00C0E942821789480910C
:1064E000C10C9091C20CC80ED91EE11CF11CF8948D
:1064F0000E94E5229B01281939092C173D0760F0FD
:106500007894DF91CF91FF90EF90DF90CF90BF9084
:10651000AF909F908F9008956C157D058E059F0517
:1065200038F3CBCFCF92DF92EF92FF928AE190E0E7
:106530009093C20C8093C10C85E090E09093C40CC2
:106540008093C30C61E08091C00C0E94562180E0D2
:1065500093E20E9447320E94E5226B017C0124E015
:10656000C21AD108E108F1080E94E5226C197D09E0
:106570008E099F09603C784081059105A8F380E36E
:1065800092E0FF90EF90DF90CF900C944732FC01A7
:1065900001900020E9F73197AF01481B590BBC016E
:1065A00082E99AE00C941924CF93DF930E94FC2493
:1065B000EC0188E993E00E94C7328C0F9D1FDF91A8
:1065C000CF9108952F923F924F925F926F927F9258
:1065D0008F929F92AF92BF92CF92DF92EF92FF92F3
:1065E000CF93DF9300D000D01F921F92CDB7DEB7BC
:1065F00088E60E94CE1F6BE370E08091F00B9091D3
:10660000F10B0E94463080E00E94702D6EE088E61B
:106610000E94602E1092410A8093400A8091F00BF4
:106620009091F10BDC01ED91FC910284F385E02D5A
:106630001995F82E8091F00B9091F10BDC01ED9102
:10664000FC910284F385E02D199520E0822B9F298F
:106650009093F30B8093F20B8091F00B9091F10BE0
:10666000DC01ED91FC910284F385E02D1995F82E63
:106670008091F00B9091F10BDC01ED91FC91028483
:10668000F385E02D199520E0822B9F299093F50B3F
:106690008093F40B8091F00B9091F10BDC01ED9164
:1066A000FC910284F385E02D1995F82E8091F00B72
:1066B0009091F10BDC01ED91FC910284F385E02DCA
:1066C000199520E0822B9F299093F70B8093F60B6E
:1066D0008091F00B9091F10BDC01ED91FC91028423
:1066E000F385E02D1995F82E8091F00B9091F10B28
:1066F000DC01ED91FC910284F385E02D199520E0F9
:10670000822B9F299093F90B8093F80B8091F00BCB
:106710009091F10BDC01ED91FC910284F385E02D69
:106720001995F82E8091F00B9091F10BDC01ED9111
:10673000FC910284F385E02D199520E0822B9F299E
:106740009093FB0B8093FA0B8091F00B9091F10BDF
:10675000DC01ED91FC910284F385E02D1995F82E72
:106760008091F00B9091F10BDC01ED91FC91028492
:10677000F385E02D199520E0822B9F299093FD0B46
:106780008093FC0B8091F00B9091F10BDC01ED916B
:10679000FC910284F385E02D1995F82E8091F00B81
:1067A0009091F10BDC01ED91FC910284F385E02DD9
:1067B0001995612C7F2C682A792A7092FF0B6092C0
:1067C000FE0B6091F80B7091F90B072E000C880BF3
:1067D000990B0E94075720E030EF41E456E40E94F5
:1067E000985820E030E04AEA53E40E9476596093DA
:1067F0000C0C70930D0C80930E0C90930F0C609109
:10680000F20B7091F30B072E000C880B990B0E9472
:10681000075720E030E040E858E30E9466574B01FC
:106820005C018092100C9092110CA092120CB0920C
:10683000130C6091F40B7091F50B072E000C880B74
:10684000990B0E94075720E030E040E858E30E948F
:1068500066576B017C01C092140CD092150CE0922B
:10686000160CF092170C6091F60B7091F70B072E37
:10687000000C880B990B0E94075720E030E040E89D
:1068800058E30E9466571B012C012092180C30928D
:10689000190C40921A0C50921B0C20E030E0A90118
:1068A000C501B4010E94455AA501940118160CF0C7
:1068B0005058C201B1010E9498589B01AC01C70118
:1068C000B6010E94175920E030E044EB53E40E94E7
:1068D000665720E030E040E05FE30E9466572BED12
:1068E0003FE049E450E40E9476596093340C709381
:1068F000350C8093360C9093370C20E030E0A901E2
:10690000C701B6010E94455A181624F0F7FAF09410
:10691000F7F8F094A7019601C201B1010E949858BE
:106920009B01AC01C501B4010E94175920E030E081
:1069300044EB53E40E94665720E030E040E05FEB18
:106940000E9466572BED3FE049E450E40E947659DF
:106950006093380C7093390C80933A0C90933B0CF5
:106960006091FC0B7091FD0B072E000C880B990BAE
:106970000E94075720E030E043E852E40E94765935
:106980006B017C016091FA0B7091FB0B072E000CE0
:10699000880B990B0E94075720E030E043E852E44F
:1069A0000E9476592091000C3091010C4091020C0C
:1069B0005091030C0E94975860931C0C70931D0C0F
:1069C00080931E0C90931F0C2091040C3091050CA9
:1069D0004091060C5091070CC701B6010E949758D0
:1069E0006093200C7093210C8093220C9093230CC5
:1069F000B301770C880B990B0E94075720E030E019
:106A000043E852E40E9476592091080C3091090C19
:106A100040910A0C50910B0C0E9497586093240CE3
:106A20007093250C8093260C9093270C0E940D24C4
:106A3000C090500CD090510CE090520CF090530C40
:106A40006C197D098E099F090E9405572FE632E1D6
:106A500043E85AE30E9466576B017C01C0924C0CDC
:106A6000D0924D0CE0924E0CF0924F0C20911C0CE9
:106A700030911D0C40911E0C50911F0C0E946657C6
:106A80002B013C01AC019B016091280C7091290CF9
:106A900080912A0C90912B0C0E9498586093280C9E
:106AA0007093290C80932A0C90932B0C2091200C2E
:106AB0003091210C4091220C5091230CC701B6015A
:106AC0000E9466574B015C01AC019B0160912C0C4C
:106AD00070912D0C80912E0C90912F0C0E94985843
:106AE00060932C0C70932D0C80932E0C90932F0C94
:106AF0002091240C3091250C4091260C5091270CAC
:106B0000C701B6010E9466572091300C3091310CBC
:106B10004091320C5091330C0E9498586D837E83C3
:106B20008F8398876093300C7093310C8093320C74
:106B30009093330CC090580CD090590CE0905A0CA4
:106B4000F0905B0C8091540C9091550CA091560CD8
:106B5000B091570C89839A83AB83BC832091400CFE
:106B60003091410C4091420C5091430CC301B20151
:106B70000E949858A70196010E9466572B013C017C
:106B80002091340C3091350C4091360C5091370CDB
:106B900069817A818B819C810E9466579B01AC013F
:106BA000C301B2010E9498586093400C7093410C4D
:106BB0008093420C9093430C2091440C3091450CEF
:106BC0004091460C5091470CC501B4010E94985861
:106BD000A70196010E9466576B017C012091380C39
:106BE0003091390C40913A0C50913B0C69817A817B
:106BF0008B819C810E9466579B01AC01C701B60145
:106C00000E9498586093440C7093450C8093460CF6
:106C10009093470C8D819E81AF81B8858093480CFD
:106C20009093490CA0934A0CB0934B0C0E940D24F6
:106C30006093500C7093510C8093520C9093530CB2
:106C400028960FB6F894DEBF0FBECDBFDF91CF916F
:106C5000FF90EF90DF90CF90BF90AF909F908F907C
:106C60007F906F905F904F903F902F900895CF93BB
:106C7000DF9367EA73E090E080E00E94CA56EC017F
:106C80000097A9F064E474E00E94B45B892BA1F042
:106C900069EE74E0CE010E94B45B892B69F069EA69
:106CA00073E0CE010E94B45B21E0892B09F020E063
:106CB000822FDF91CF91089521E0FACF67EA73E048
:106CC00090E080E00E94CA56009711F00C949A560A
:106CD00090E080E008950E94A85B85ED8093BC0061
:106CE00080916A0A90916B0AA0916C0AB0916D0A2A
:106CF0000796A11DB11D23E0B695A7959795879599
:106D00002A95D1F72091BC0024FD03C01092680A97
:106D1000089540916A0A50916B0A60916C0A7091D3
:106D20006D0A452B462B472B69F30097A105B1054A
:106D300041F02AE22A95F1F700C00197A109B109B3
:106D4000E1CF8091690A0C944F2D1F920F920FB6DC
:106D50000F9211242F933F938F939F93AF93BF93E1
:106D60008091140A9091150AA091160AB091170A01
:106D70003091130A23E0230F2D3758F50196A11DFA
:106D8000B11D2093130A8093140A9093150AA093BF
:106D9000160AB093170A8091180A9091190AA091C7
:106DA0001A0AB0911B0A0196A11DB11D8093180A01
:106DB0009093190AA0931A0AB0931B0ABF91AF913E
:106DC0009F918F913F912F910F900FBE0F901F9029
:106DD000189526E8230F0296A11DB11DD2CF1F9250
:106DE0000F920FB60F9211240BB60F922F933F9371
:106DF0004F935F936F937F938F939F93AF93BF93C3
:106E0000EF93FF9382E99AE00E948D24FF91EF9126
:106E1000BF91AF919F918F917F916F915F914F91B2
:106E20003F912F910F900BBE0F900FBE0F901F90B0
:106E300018951F920F920FB60F9211240BB60F9256
:106E40002F938F939F93EF93FF93E091A20AF0917A
:106E5000A30A8081E091A80AF091A90A82FD1DC0D1
:106E600090818091AB0A8F5F8F732091AC0A82175B
:106E700041F0E091AB0AF0E0EE56F54F958F80932C
:106E8000AB0AFF91EF919F918F912F910F900BBEC5
:106E90000F900FBE0F901F9018958081F2CF1F9218
:106EA0000F920FB60F9211240BB60F922F933F93B0
:106EB0004F935F936F937F938F939F93AF93BF9302
:106EC000EF93FF9348E251E064E271E090E080E0EC
:106ED0000E946825FF91EF91BF91AF919F918F9193
:106EE0007F916F915F914F913F912F910F900BBECA
:106EF0000F900FBE0F901F9018951F920F920FB614
:106F00000F9211240BB60F922F933F934F935F93E1
:106F10006F937F938F939F93AF93BF93EF93FF9361
:106F200048EA50E064EA70E083E090E00E9468255F
:106F3000FF91EF91BF91AF919F918F917F916F9151
:106F40005F914F913F912F910F900BBE0F900FBE0D
:106F50000F901F9018951F920F920FB60F92112449
:106F60000BB60F922F933F934F935F936F937F9343
:106F70008F939F93AF93BF93EF93FF9348E950E0B4
:106F800064E970E082E090E00E946825FF91EF9153
:106F9000BF91AF919F918F917F916F915F914F9131
:106FA0003F912F910F900BBE0F900FBE0F901F902F
:106FB00018951F920F920FB60F9211240BB60F92D5
:106FC0002F933F934F935F936F937F938F939F93F1
:106FD000AF93BF93EF93FF9348E850E064E870E00D
:106FE00081E090E00E946825FF91EF91BF91AF9101
:106FF0009F918F917F916F915F914F913F912F91D1
:107000000F900BBE0F900FBE0F901F9018951F9200
:107010000F920FB60F9211240BB60F922F933F933E
:107020004F935F936F937F938F939F93AF93BF9390
:10703000EF93FF93E091A005F091A105309749F0FF
:10704000A685B7858585968D91FF16C09C9189236D
:10705000B1F4FF91EF91BF91AF919F918F917F918B
:107060006F915F914F913F912F910F900BBE0F90B9
:107070000FBE0F901F9018959C91892351F7A389FB
:10708000B4899C918589809589238C938689978979
:107090000197F1F7608D718DA685B785558538E02C
:1070A00020E0CB010197F1F7822F90E0959587952D
:1070B000282F4C91452309F02068315091F7868D97
:1070C00081FD209580919F0590E001968F7399270F
:1070D00030919E05381799F0A0919F05B0E0A65A0F
:1070E000BA4F2C9380939F05828D938D0197F1F772
:1070F000A389B4898C919589892B8C93AACF868D8D
:107100008160868FF1CF1F920F920FB60F921124DC
:107110000BB60F922F933F934F935F936F937F9391
:107120008F939F93AF93BF93EF93FF938091B90099
:10713000887F803609F44DC008F040C0883209F4D9
:10714000A9C028F5803109F49DC0C8F4882309F44A
:10715000FBC0883009F496C0FF91EF91BF91AF91C9
:107160009F918F917F916F915F914F913F912F915F
:107170000F900BBE0F900FBE0F901F901895883187
:1071800009F488C0803241F78093660A14C08034C5
:1071900009F49DC040F48033B9F38833E9F6809355
:1071A000660A85ECB0C0803509F485C0883509F4DD
:1071B00096C0883489F60E946D36CECF883909F49E
:1071C0008CC038F5883729F050F4883611F08037B4
:1071D00019F683E08093680A1092590557C08838E1
:1071E00009F47BC0803919F0803809F0B5CF80915F
:1071F0005905803208F071C0E091590581E08E0F89
:10720000809359058091BB00F0E0E75CFA4F8083E2
:107210003DC0803B39F0E0F4803A09F479C0883A07
:1072200009F09ACF84E08093680A10923805109292
:107230003705E0913E0AF0913F0A19958091370594
:1072400081110FC081E0809337051092170509C0A6
:10725000803C09F4A6CF883C09F4A3CF883B09F011
:107260007BCFE091380581E08E0F80933805F0E008
:10727000E95EFA4F80818093BB0090913805809140
:10728000370529C08091430A8093BB0085EC809329
:10729000BC0062CF9091650A8091640A981758F5F6
:1072A000E091650A81E08E0F8093650AF0E0EC5B67
:1072B000F54F8081E9CFE091650A81E08E0F8093E0
:1072C000650A8091BB00F0E0EC5BF54F8083909104
:1072D000650A8091640A9817C8F285E8D8CFE091D2
:1072E000650A81E08E0F8093650A8091BB00F0E013
:1072F000EC5BF54F80838091670A81115CCF81E060
:107300008093420A84EA8093BC001092680A24CFDA
:1073100085EC8093BC001092680A809159058032F8
:1073200030F4E0915905F0E0E75CFA4F108260918B
:10733000590570E0E0913C0AF0913D0A89E395E03F
:1073400019951092590508CF1092660A34CF1F92F2
:107350000F920FB60F9211240BB60F922F933F93FB
:107360004F935F936F937F938F939F93AF93BF934D
:10737000EF93FF93E091C70CF091C80C408180918E
:10738000C90C48238091CA0C9091CB0C2091CA0C57
:107390003091CB0C2F3F3F4F29F001969093CB0CAF
:1073A0008093CA0C2091C50C211118C041115DC0F9
:1073B000813A910570F01092CE0C9093D20C80938C
:1073C000D10C81E090E09093D00C8093CF0C80930F
:1073D000C50C1092CB0C1092CA0C47C02130D1F4CE
:1073E000442309F442C02091CF0C3091D00CA90164
:1073F0004F5F5F4F5093D00C4093CF0C2B53334FC4
:107400008F3F910519F010F08FEF90E0F90186871A
:1074100082E0DDCF223009F04AC02091CF0C3091BC
:10742000D00C813A910520F42D3EF2E03F0780F127
:107430002E3E52E0350718F081E08093CE0C80910B
:10744000D10C9091D20C9093D30F8093D20F3093A4
:10745000D10F2093D00F83E08093C50CE091CC0C2A
:10746000F091CD0C309709F01995FF91EF91BF91F4
:10747000AF919F918F917F916F915F914F913F91CC
:107480002F910F900BBE0F900FBE0F901F9018956D
:107490004111EBCFA9014F5F5F4F5093D00C409348
:1074A000CF0C2B53334FF901868781E090CF2330E7
:1074B000E1F6442309F48DCFD8CFCF92DF92EF923B
:1074C000FF920F931F93E82FF92F05C00150110968
:1074D0002109310961F1908196239417B9F305C010
:1074E000015011092109310911F19081962394135A
:1074F000F7CFC12CD12CE12CF12C0AC08FEFC81A88
:10750000D80AE80AF80A0C151D052E053F0579F082
:1075100080818623841791F36C2D7D2D8E2D9F2DD8
:107520001F910F91FF90EF90DF90CF90089560E052
:1075300070E080E090E01F910F91FF90EF90DF905E
:10754000CF900895863308F0865320917B00982FC2
:107550009870277F922B90937B0087708064809334
:107560007C0080917A00806480937A0080917A0018
:1075700086FDFCCF809178009091790008958091EC
:10758000A80C9091A90C0C946922CF93DF93C5EAC3
:10759000DCE061E089810E9456210E94BF3A60E0F0
:1075A00088810E9456210E94BF3A60E089810E9432
:1075B0005621DF91CF910C94BF3A0F931F93CF9335
:1075C000DF93D82FC8E061E08091A50C0E9456217E
:1075D0000E94BF3A0D2F10E060E0D0FF61E0809183
:1075E000A60C0E9456210E94BF3A60E08091A50C33
:1075F0000E9456210E94BF3A15950795D02FC15081
:1076000011F761E08091A50C0E94562160E0809105
:10761000A60C0E9456210E94BF3A60E08091A50C02
:107620000E9456210E94BF3A8091A60C0E94FF2022
:10763000C82F811105C061E08091A60C0E945621DF
:107640000E94BF3A61E08091A50C0E9456210E94E1
:10765000BF3A81E0C11101C080E0DF91CF911F915D
:107660000F91089561E08091A60C0E9456210C9420
:10767000BF3A0F931F93CF93DF938C010E94323B4D
:1076800080E40E94DD3A0E94C53A0E94323B80ECC1
:107690000E94DD3AE8010C5F1F4F89910E94DD3A9C
:1076A000C017D107D1F70E94C53A0E94323B8091A2
:1076B000A70C8F7080580E94DD3ADF91CF911F9107
:1076C0000F910C94C53AAF92BF92CF92DF92EF9296
:1076D000FF920F931F93CF93DF9300D01F92CDB7EC
:1076E000DEB79B01D12C87FF03C08195DD24D394A5
:1076F00021153105C1F419821A821B828FE38C8314
:10770000CE0101960E94393B0F900F900F900F9081
:10771000DF91CF911F910F91FF90EF90DF90CF906D
:10772000BF90AF900895BE016F5F7F4F7B015E01F8
:1077300073E0A71AB108F701082F880F110B80E436
:10774000C82EC901B8010E94675ADC01982F811127
:1077500009C02115310531F41382DD2059F0C382AF
:10776000D12C08C0A45EBC4F8C918383911102C0C0
:10777000232B99F39B013197AE16BF0611F74423D3
:1077800009F4BECF21E030E02C0F3D1F2C5F3F4FAE
:10779000F70191917F013197842F8078892B808325
:1077A000440FE216F306A1F7ABCF682F82E99AE007
:1077B0000C94AF246EE785EC9BE00E943A266FEFB5
:1077C00085EC9BE00E943A2666E085EC9BE00E94F7
:1077D0003A266EE085EC9BE00E943A2660E085EC5C
:1077E0009BE00E943A2660E085EC9BE00E943A26EE
:1077F00060E085EC9BE00E943A266FEE85EC9BE012
:107800000E943A2664E170E080E090E00C94DA2374
:10781000CF92DF92FF920F931F93CF93DF936C0170
:10782000F12C10E000E0D0E0C0E0FF0C209711F454
:10783000F601F490F7FE08C021E030E0A801BE0197
:1078400088E79CE00E943F2C2196C830D10569F75B
:107850000F5F1F4FFFEFCF1ADF0A0830110519F72E
:10786000DF91CF911F910F91FF90DF90CF900895FE
:1078700080389105F8F460347105E0F4FB0123E0F1
:10788000F595E7952A95E1F7F695FE2FEE27F79502
:10789000E795E80FF91F6770772781E090E001C056
:1078A000880F6A95EAF7E855FA4F2081452B19F0C1
:1078B000822B8083089580958223FBCF2F923F9265
:1078C0004F925F926F927F928F929F92AF92BF92F0
:1078D000CF92DF92EF92FF920F931F93CF93DF939C
:1078E00000D01F92CDB7DEB77C017C836B834A0149
:1078F00039018A01081B190B17FF03C01195019567
:10790000110944244A94542CE814F9041CF4442426
:107910004394512C63012B813C81C21AD30AD7FEB8
:1079200003C0D194C194D108882799278C199D0947
:107930009A8389832B813C8122242A94322C261518
:1079400037051CF422242394312C5801AC18BD08AF
:1079500041E050E06B817C81C7010E94383C8E146D
:107960009F0429F48B819C8168167906C1F0C501BA
:10797000880F991F29813A81821793073CF0AC1830
:10798000BD08E40CF51C0817190714F3A00EB11E6E
:107990008B819C81820D931D9C838B83D9CF0F900B
:1079A0000F900F900F90DF91CF911F910F91FF904B
:1079B000EF90DF90CF90BF90AF909F908F907F908F
:1079C0006F905F904F903F902F9008954F925F92ED
:1079D0006F927F928F929F92AF92BF92CF92DF92DF
:1079E000EF92FF920F931F93CF93DF93562E472E64
:1079F00020E1429FE0011124CA5BDD4F4C013C01B4
:107A000088E0680E711CFE01A4903896E491052D63
:107A1000142DF12CE12CB12CCE2ED12CA5010E2C45
:107A200002C0559547950A94E2F741705527B80171
:107A3000C4010E94383CA6010E2C02C05595479502
:107A40000A94E2F741705527B801685F7F4FC4017F
:107A50000E94383CFFEFEF1AFF0A0F5F1F4F28E02C
:107A6000E216F104D9F621968FEF881A980A861447
:107A7000970449F6DF91CF911F910F91FF90EF90FE
:107A8000DF90CF90BF90AF909F908F907F906F903E
:107A90005F904F9008952F923F924F925F926F9216
:107AA0007F928F929F92AF92BF92CF92DF92EF928E
:107AB000FF920F931F93CF93DF93CDB7DEB7A497B9
:107AC0000FB6F894DEBF0FBECDBF2C013B015CA307
:107AD0004BA38C01312C212CEBA1FCA1E20DF31D59
:107AE0004081442309F4FBC047FD17C02FEF221A41
:107AF000320A4A3029F430E1630E711C8201ECCF66
:107B0000B301C8010E94E63C085F1F4F0937110509
:107B10001CF320E1620E711CF1CF4F7080E4489F8E
:107B20009001112481818F73282BB6E0220F331F1F
:107B3000BA95E1F782818F73282B3C5A243A9BE255
:107B4000390708F0B8C0C9016CE170E00E94675ABB
:107B5000FB016C01482FC9016CE472E00E94675A76
:107B600021E0260FCF0165E170E00E94675A8F5F28
:107B700090E0FC01C110A5C0E65BFD4F3081BB2445
:107B8000B394213009F4B12C5C2D622F70E0E4E154
:107B90003E9F600D711D1124E5E0660F771FEA9589
:107BA000E1F79E012F5F3F4F7901D90130E020E0DE
:107BB0006A5B754FFB01E20FF31FE491ED932F5FBA
:107BC0003F4F20323105B1F736E1B39E800D911D54
:107BD000112435E0880F991F3A95E1F7D70130E07D
:107BE00020E08A5B914EFC01E20FF31F6491EC915F
:107BF000E62BED932F5F3F4F20323105A1F7442351
:107C0000E1F0C601ECE15E9F800D911D112425E09D
:107C1000880F991F2A95E1F7D70130E020E08A5BB1
:107C2000964DFC01E20FF31F4491EC91E42BED9390
:107C30002F5F3F4F20323105A1F758019701205F98
:107C40003F4F3AA329A34301D12CC12CF701408116
:107C500050E00C2C02C0559547950A94E2F741700C
:107C60005527B401C5010E94383CF701408950E016
:107C70000C2C02C0559547950A94E2F741705527A0
:107C8000B401685F7F4FC5010E94383CFFEFCF1AF7
:107C9000DF0A2FEF821A920A38E0C316D104B1F638
:107CA0008FEFE81AF80A9FEFA91AB90AE9A1FAA119
:107CB000EE15FF0541F6F3E02F0E311C005F1F4F5C
:107CC00025CFEC5CFD4F3081A2E0BA2E213011F0BF
:107CD000F3E0BF2EFC01E25EFD4F508156CFA4962B
:107CE0000FB6F894DEBF0FBECDBFDF91CF911F91CD
:107CF0000F91FF90EF90DF90CF90BF90AF909F904B
:107D00008F907F906F905F904F903F902F9008954D
:107D10001F93CF93DF9300D000D0CDB7DEB766E1DD
:107D200074E28CE59CE00E94DE2F182F882389F1F5
:107D300064E070E080E090E00E94DA23AE014F5FE3
:107D40005F4F66E08CE59CE00E94C430182F8823CA
:107D500001F1898190E0982F88272A81820F911D57
:107D60009093740C8093730C8C8190E0982F8827EB
:107D70002D81820F911D9093720C8093710C0E9443
:107D80000D246093600C7093610C8093620C90934F
:107D9000630C812F26960FB6F894DEBF0FBECDBFC1
:107DA000DF91CF911F910895CF93DF9300D000D042
:107DB0001F921F92CDB7DEB728E0E6E1F2E0DE01C8
:107DC000119601900D922A95E1F7FC012185241767
:107DD00010F44FEF420F50E0440F551F21E030E008
:107DE0002C0F3D1F420F531FFA012081620F606864
:107DF00040E028960FB6F894DEBF0FBECDBFDF91EE
:107E0000CF910C9490318F929F92AF92BF920F932B
:107E10001F93CF93DF93CDB7DEB7A1970FB6F8943A
:107E2000DEBF0FBECDBF19A2423008F44AE08E017A
:107E30000F5D1F4F842E912CB12CA12CA501940114
:107E40000E943458E62FB901CA01EA30F4F4E05D2B
:107E5000D801EE938D01232B242B252B79F790E06D
:107E600080E0109719F0CD010E94C732A1960FB69D
:107E7000F894DEBF0FBECDBFDF91CF911F910F9160
:107E8000BF90AF909F908F900895E95CE1CFCF9223
:107E9000DF92EF92FF92CF93DF936C01990FEE0880
:107EA000FF08F7FE17C08DE20E94D53BEC01662764
:107EB0007727CB016C197D098E099F094AE00E9442
:107EC000033F8C0F9D1FDF91CF91FF90EF90DF90CC
:107ED000CF9008954AE0C701B601DF91CF91FF909E
:107EE000EF90DF90CF900C94033FCF92DF92EF9210
:107EF000FF92CF93DF936C01990FEE08FF08F7FE16
:107F00001DC08DE20E94D53BEC0166277727CB018F
:107F10006C197D098E099F094AE00E94033FC80F32
:107F2000D91F88E993E00E94C7328C0F9D1FDF9113
:107F3000CF91FF90EF90DF90CF9008954AE0C70176
:107F4000B6010E94033FEC01ECCF4F925F926F921B
:107F50007F928F929F92AF92BF92CF92DF92EF92D9
:107F6000FF920F931F93CF936B017C01742EAC0192
:107F70009B010E94565A882399F08BE993E0CF9198
:107F80001F910F91FF90EF90DF90CF90BF90AF9037
:107F90009F908F907F906F905F904F900C94C7321E
:107FA00046015701E894B7F82FEF3FEF4FE75FE73F
:107FB000C501B4010E94565A81110DC02FEF3FEF49
:107FC0004FE75FE7C501B4010E94005718161CF483
:107FD0008FE993E0D4CF2FEF3FEF4FE75FE4C70186
:107FE000B6010E94455A18161CF483EA93E0C7CFE5
:107FF0002FEF3FEF4FE75FECC701B6010E9400573C
:1080000087FDF3CF20E030E0A901C701B6010E944F
:10801000005710E000E087FF08C08DE20E94D53BCA
:108020008C01F7FAF094F7F8F094C0E060E070E0AB
:1080300080E09FE37C1641F020E030E040E251E434
:108040000E947659CF5FF6CFA70196010E949858FB
:108050002B013C010E94EF594B015C014AE00E9458
:10806000033F7C01E00EF11ECC23B1F1C501B40148
:108070000E9405579B01AC01C301B2010E949758B1
:108080004B015C018EE20E94D53BE80EF91EC15007
:1080900018F120E030E040E251E4C501B4010E9453
:1080A00066572B013C010E94EF594B01B12CA12CCA
:1080B0004AE0C501B4010E94033FE80EF91EC50164
:1080C000B4010E9405579B01AC01C301B2010E949B
:1080D00097584B015C01DBCFC701CF911F910F91E6
:1080E000FF90EF90DF90CF90BF90AF909F908F90D8
:1080F0007F906F905F904F900895CF93DF930E9491
:10810000A53FEC0188E993E00E94C7328C0F9D1FC8
:10811000DF91CF9108951092950A1092940A88EEFB
:1081200093E0A0E0B0E08093960A9093970AA09322
:10813000980AB093990A20E333E03093930A20938E
:10814000920A25EC30E030939F0A20939E0A24EC9B
:1081500030E03093A10A2093A00A20EC30E0309365
:10816000A30A2093A20A21EC30E03093A50A2093C1
:10817000A40A22EC30E03093A70A2093A60A26EC4A
:1081800030E03093A90A2093A80A1092AB0A10920B
:10819000AC0A1092AD0A1092AE0A1092E70B109240
:1081A000E60B8093E80B9093E90BA093EA0BB09356
:1081B000EB0B82E493E09093E50B8093E40B80E07B
:1081C0000E9427321092C00C1092AB0C1092B20C8D
:1081D0001092B90C1092BA0C1092BB0C1092BC0CFD
:1081E00081E08093B80C8093B50C1092B60C92E0AD
:1081F0009093B70C8093AA0C80E390E09093AF0C1F
:108200008093AE0C0E94835A9093B40C8093B30C6D
:10821000009709F462C120E3FC0111922A95E9F765
:1082200080E190E09093AD0C8093AC0C80E190E005
:108230009093B10C8093B00C8091AB0C882341F0EB
:1082400061E080E10E94562160E080E10E942821E7
:10825000EBEFFEE3E491F0E0EE0FFF1FEF52F14C85
:10826000859194919093BE0C8093BD0CEBE9FEE355
:10827000E491E093BF0C8DE18093A50C8EE1809397
:10828000A60C84E690E09093A90C8093A80C60E083
:108290008DE10E94562160E08091A60C0E9456213B
:1082A00060E08091A50C0E94282160E08091A60CDE
:1082B0000E9428211092A40C1092A30C10927B0C07
:1082C00010927A0C88E090E090937D0C80937C0C67
:1082D00090937F0C80937E0C9093810C8093800C04
:1082E0009093830C8093820C10928E0C1092850CCC
:1082F0001092840C1092870C1092860C61E06093AF
:108300008D0C60938C0C8FEF9FEF90938B0C809370
:108310008A0C9093890C8093880C60938F0C109238
:10832000900C1092920C1092910C80E793E0909335
:10833000790C8093780C86E693E090935D0C8093A3
:108340005C0C1092770C1092760C10925E0C1092CE
:10835000600C1092610C1092620C1092630C1092DF
:10836000740C1092730C1092720C1092710C10928B
:108370005F0C1092680C1092690C10926A0C1092AB
:108380006B0C10926C0C10926D0C10926E0C109283
:108390006F0C1092700C1092750C84EE9BE0909311
:1083A000F10B8093F00B8AE097EDA3EABCE3809396
:1083B000540C9093550CA093560CB093570C88E432
:1083C00091EEAAE7BFE38093580C9093590CA093C9
:1083D0005A0CB0935B0C1092C80B1092C70B88EE2E
:1083E00093E0A0E0B0E08093C90B9093CA0BA093F8
:1083F000CB0BB093CC0B84E593E09093C60B8093AA
:10840000C50B1092DC0B1092DB0B1092DE0B10925E
:10841000DD0B1092E00B1092DF0B1092E20B10922A
:10842000E10B8091E30B8E7F8D7F8093E30B86952C
:10843000817068278EE00E94282161E08EE00E9412
:108440005621E9E9FEE3E491E093D50BE9EFFEE381
:10845000E491F0E0EE0FFF1FEF52F14C8591949103
:108460009093D70B8093D60B60E08FE00E9456214B
:108470008091E30B81FD04C061E08FE00E94282120
:108480008FE08093D10BEAE9FEE3E491E093D20B15
:10849000EAEFFEE3E491F0E0EE0FFF1FEF58F14C3E
:1084A000859194919093D40B8093D30B8091BF0BC3
:1084B0008033E0F491E0980F9093BF0B8093C00B52
:1084C00090E0FC01EE0FFF1FE80FF91FE15DF44F94
:1084D00088EB9BE09283818308951092AF0C1092F9
:1084E000AE0C1092AD0C1092AC0CA0CE8FEF80931E
:1084F000C00B0895CF93DF93CDB7DEB7A7970FB624
:10850000F894DEBF0FBECDBF789484B5826084BD81
:1085100084B5816084BD85B5826085BD85B5816087
:1085200085BD80916E00816080936E001092810005
:1085300080918100826080938100809181008160C0
:108540008093810080918000816080938000809181
:10855000B10084608093B1008091B000816080930D
:10856000B000809191008260809391008091910091
:108570008160809391008091900081608093900051
:108580008091A10082608093A1008091A100816010
:108590008093A1008091A00081608093A0008091D1
:1085A000210182608093210180912101816080936B
:1085B00021018091200181608093200180917A00C7
:1085C000846080937A0080917A00826080937A0040
:1085D00080917A00816080937A0080917A0080682F
:1085E00080937A001092C100E091A20AF091A30A50
:1085F00012E01083E0919E0AF0919F0A1082E091B0
:10860000A00AF091A10A00E100831092AA0AE09169
:10861000A60AF091A70A86E08083E091A40AF0916F
:10862000A50A808180618083E091A40AF091A50A67
:10863000808188608083E091A40AF091A50A8081FE
:1086400080688083E091A40AF091A50A80818F7DE3
:10865000808361E08CE20E94562161E08DE20E94FD
:10866000562161E08EE20E94562161E08CE00E947A
:10867000562161E088E00E94562161E08BE00E9473
:10868000562161E08AE00E94562161E089E00E9463
:10869000562161E089E10E94562160E08AE10E9452
:1086A000562160E088E10E94562162E086E10E9446
:1086B000562162E087E10E9456210E94382D8CE00D
:1086C0008093B8008CE090E00E94835AFC011382F2
:1086D000128284E692E09183808380E28483008723
:1086E0001187128618E01387F093A705E093A6057B
:1086F000CF010E94B6318091A6059091A705DC01BB
:108700001B961C9360E00E944D308091A6059091CD
:10871000A7050E94AD318091B00C9091B10C97FDEE
:108720004BC261E00E94562160E08091B00C0E9433
:10873000282181E08093AB0C80E50E94ED1F4091E1
:10874000AE0C5091AF0C70E060E08091B30C909152
:10875000B40C0E94AD5B0E940A238DE08093A70CAD
:108760000E94382D8CE08093B8008CE30E94CE1FCD
:1087700006E41CE3A2E6EA2EACE3FA2EF801D4905C
:108780008CE30E94CE1F70E060E084EE9BE00E94CC
:1087900046306D2D84EE9BE00E94852F84EE9BE099
:1087A0000E94B42F0F5F1F4FE016F10639F70E94A9
:1087B0001C320E9466308091A30C9091A40C00970B
:1087C00011F00E941F5B86E090E00E94835A8C01AA
:1087D00080E7D8018C9384EE9BE012969C938E9355
:1087E000119713961C92139780E290E015969C9334
:1087F0008E9314971093A40C0093A30C0E94382D11
:1088000081E0F8018383C8010E942430882309F1A4
:1088100081E28D8B41E050E0BE016B5E7F4F809125
:10882000A30C9091A40C0E9400310E94DA1F0E94B8
:10883000343181E8898341E050E0BE016F5F7F4FB2
:108840008091A30C9091A40C0E9400318FE00E94B3
:10885000613188E00E9461310E94DA1F0E94343148
:1088600084E480935E0C84EE9BE09093770C80937D
:10887000760C0E94382D62EA70E38CE59CE00E9441
:10888000DE2F882331F061E070E080E090E00E940C
:10889000DA2360E089E10E94B72F60E08AE10E945C
:1088A000B72F68E08BE10E94B72F60E08CE10E9457
:1088B000B72F61E08BE60E94B72F0E94E232109240
:1088C000280C1092290C10922A0C10922B0C10924A
:1088D0002C0C10922D0C10922E0C10922F0C8091BB
:1088E000340C9091350CA091360CB091370C8093DC
:1088F000400C9093410CA093420CB093430C809198
:10890000380C9091390CA0913A0CB0913B0C8093AB
:10891000440C9093450CA093460CB093470C0E94D6
:108920000D246093500C7093510C8093520C9093D3
:10893000530C1092E00B1092DF0B1092DE0B109292
:10894000DD0B1092DC0B1092DB0B8DE991E0909324
:10895000E20B8093E10B8091D10B96EF980F94304E
:1089600048F02EEC280F243028F022EC280F283075
:1089700008F061C02DEB30E03093DC0B2093DB0B73
:108980002BE931E03093DE0B2093DD0B2CE231E05C
:108990003093E00B2093DF0B943050F02EEC280F37
:1089A000243030F022EC280FF0E0E0E0283010F422
:1089B000E8E6F0E02081943028F032EC380F3830CF
:1089C00008F4FDC031E0232B943048F09EEC980F62
:1089D000943028F08E53F0E0E0E0883010F4E8E6C0
:1089E000F0E020832091D10B36EF320F343008F4C1
:1089F000E8C08EEC820F843008F4E3C082EC820F72
:108A0000883008F0E1C08DE690E09093D90B809318
:108A1000D80B343008F0DBC02650330B81E001C0A6
:108A2000880F2A95EAF78093DA0B8091E10B9091F9
:108A3000E20B0197F1F78091DF0B9091E00B892B0E
:108A400021F18091A0059091A105FBE0853C9F0755
:108A5000E1F0009711F00E94FE268091E30B8E7FDB
:108A60008093E30B10929F0510929E0585EC9BE08E
:108A70009093A1058093A005E091D80BF091D90BBC
:108A800080819091DA0B892B808368EC70E080E024
:108A900090E00E94DA236EE785EC9BE00E943A2684
:108AA0006FEF85EC9BE00E943A2666E085EC9BE048
:108AB0000E943A2669E085EC9BE00E943A2660E03D
:108AC00085EC9BE00E943A2660E085EC9BE00E94EA
:108AD0003A2662E085EC9BE00E943A266FEE85EC38
:108AE0009BE00E943A2668EC70E080E090E00E94F3
:108AF000DA2384E10E94962685EC9BE00E94FE2604
:108B00008DE00E94273282E08093B0008093B10014
:108B100084E68093B3008093B4001092B2008091F9
:108B2000C50C833011F41092C50C84E08093700062
:108B300082E69CE30E94D4329E01275F3F4F3F8B29
:108B40002E8BAE014B5F5F4F598F488F82E99AE0C1
:108B50000E947724892B11F40C945F5382E99AE0E8
:108B60000E945524E091120A8A3021F08D3011F0D4
:108B70000C945153EE2351F3F0E0EE54F64F108273
:108B8000E2EBF9E0CF0121912032E1F3222389F0D9
:108B900067EA73E00E94CA568C01009751F06EEAB2
:108BA00073E00E94B45B892B39F584EA9DE30E944F
:108BB000D4321092120ACACF1092AB0CBDCD34E061
:108BC00002CF8BE690E021CF90E080E01ECF88E0DE
:108BD000223309F428CF84E0233309F424CF82E040
:108BE000243309F420CF82EC820F883018F42E53FE
:108BF000330B14CF81E017CF64EB73E0C8010E9400
:108C0000B45B892B29F484E09DE30E94D432D1CF58
:108C10006AEB73E0C8010E94B45B892B29F48FEFE3
:108C20009CE30E94D432C5CF6FEB73E0C8010E9471
:108C3000B45B892B09F046C067EA73E090E080E0FE
:108C40000E94CA568C0167EA73E090E080E00E94BF
:108C5000CA567C01009779F064E474E00E94B45B2A
:108C6000892B49F169EE74E0C7010E94B45BFF24CF
:108C7000F394892B09F0F12C0115110509F499CF12
:108C800067EC73E0C8010E94B45B892BB9F06BEC10
:108C900073E0C8010E94B45B892B91F062ED73E030
:108CA000C8010E94B45B892B09F083CF8EE26F2D3F
:108CB0000E9428217ECFFF24F394DECF8CE2F7CFF1
:108CC0008DE2F5CF68ED73E0C8010E94B45B892B9B
:108CD00039F40E943736682F8CE00E94282169CF32
:108CE0006EED73E0C8010E94B45B892B49F50E94C8
:108CF0005E366C010E945E367C010E945E368C01FD
:108D0000B6016F3F710519F014F06FEF70E077FF57
:108D100002C070E060E08BE00E94922161E050E8C8
:108D2000E516F1040CF460E08AE00E94282161E07D
:108D3000003811050CF460E089E00E94282139CF49
:108D400069E075E0C8010E94B45B892B49F567EAC8
:108D500073E090E080E00E94CA568C010097A1F079
:108D600064E474E00E94B45B892BC1F069EA73E0AB
:108D7000C8010E94B45B892B89F0C8010E949A56F1
:108D800011E0181619060CF010E061E088E00E946E
:108D90005621612F88E00E9428210BCF11E0F5CFEA
:108DA00062EE73E0C8010E94B45B892BF1F40E946B
:108DB0005E367C010E945E361E141F042CF060E0BB
:108DC00087E00E942821F5CE1816190614F088ECC9
:108DD00090E08C01990F220B330BA70167E070E044
:108DE00080E090E00E947422E4CE69EE73E0C80156
:108DF0000E94B45B892B09F07CC067EA73E090E0C5
:108E000080E00E94CA568C01009709F4D2CE6DEE24
:108E100073E00E94B45B892B79F44091AE0C5091C1
:108E2000AF0C70E060E08091B30C9091B40C0E94A4
:108E3000AD5B0E940A23BDCE63EF73E0C8010E94C0
:108E4000B45B892B89F40E945E3697FD0BC08F3F7F
:108E5000910519F014F08FEF90E00E94ED1F0E9431
:108E60000A23A7CE80E0F9CF6AEF73E0C8010E9421
:108E7000B45B7C01892B01F50E945E36182F0E949D
:108E80005E36882E0E945E36912CB12CA12CBA2C15
:108E9000A92C982C8824A12A882AB501A401C701ED
:108EA0000E942F208FEFE81AF80A90E1E916F104EA
:108EB000A1F70E940A237DCEC8010E949A568C0118
:108EC0000E945E36E82E0E945E36F82E0E945E36C4
:108ED0000031110570F74F2D50E070E060E0762F03
:108EE000652F542F44276E29482BC8010E942F203C
:108EF000E0CF6EEF73E0C8010E94B45B892B09F0EC
:108F00007AC067EA73E090E080E00E94CA568C0164
:108F1000009709F44ECE6DEE73E00E94B45B892B8E
:108F200049F419821A821B821C82CE0101960E948A
:108F3000393B3FCE63EF73E0C8010E94B45B892BDD
:108F4000A9F40E945E3697FD0FC08830910514F099
:108F500087E090E088608093A70C40E070E060E0DC
:108F60008AE00E94633B25CE80E0F4CF62E074E0AB
:108F7000C8010E94B45B892B91F40E945E36BC014B
:108F800097FF04C066277727681B790B97FF05C0FA
:108F900086EF40E40E94633B0CCE8AE0FACF68E0A3
:108FA00074E0C8010E94B45B892B91F48E010F5FBD
:108FB0001F4F78010E945E36D8018D938D01E88D98
:108FC000F98DEA17FB07B1F7C7010E94393BF1CDD4
:108FD000C8010E949A56BC0197FF04C066277727F4
:108FE000681B790B97FF05C086EF40E00E94633B4A
:108FF000E0CD8AE0FACF6CE074E0C8010E94B45B77
:10900000892B09F09AC26AE973E090E080E00E943F
:10901000CA56009709F4CDCDFC01CF012191203231
:10902000E1F32232B1F48F0162E270E0CF010E94DD
:10903000BD5B009711F0DC011C920E941C32A8015C
:1090400070E060E090E080E00E944B3D0E9466305E
:10905000B0CD67EA73E00E94CA568C01009709F40C
:10906000A8CD6DEE73E00E94B45B892B29F40E94B9
:109070001C320E9466309DCD64E174E0C8010E94FC
:10908000B45B5C01892B09F0CCC00E945E36582E7F
:10909000692E0E945E366C016AE973E090E080E020
:1090A0000E94CA56009709F484CD4C01FC0120812E
:1090B00001962032D1F3223249F44C0162E270E091
:1090C0000E94BD5B009711F0DC011C927601D7FE77
:1090D00003C0B7E0EB0EF11C63E0F594E7946A95EA
:1090E000E1F77E2CFF24C7019695982F8827979546
:1090F0008795FC01E855FA4F20E8DF01322F1D92D9
:109100003A95E9F746E0471530F0885D994FDC0164
:109110001D922A95E9F7052D162DF401EA0DFB1D88
:1091200040814423F9F04A3039F4B0E1CB0ED11C30
:10913000EFEFAE1ABE0AEFCF47FD10C0B601C8016F
:109140000E94E63CFFEFAF1ABF0A085F1F4F0937C6
:1091500011051CF330E1C30ED11CDDCF23E0A20EBC
:10916000B11CF5CFD12CC12C470142E0840E911CDB
:1091700087010C0D1D1D081519050CF01ACD57E0BF
:10918000571508F416CD8CE30E94CE1F70E060E006
:1091900084EE9BE00E944630672D606B70E084EEA9
:1091A0009BE00E94463070E060E084EE9BE00E940D
:1091B000463060E170E084EE9BE00E94463084EE31
:1091C0009BE00E94B42F1695102F00271795079546
:1091D00008551A4F612C8CE30E94CE1F60E470E0AA
:1091E00084EE9BE00E944630580140E1542ED501A8
:1091F0006D915D0184EE9BE00E94852F5A94511081
:10920000F6CF84EE9BE00E94B42FB0E16B0E005FBE
:109210001F4FE0E86E12DFCF7394FFEFCF1ADF0A23
:10922000A7CF61E174E0C8010E94B45B892B49F5C6
:109230000E945E368C010E945E367C016AE973E012
:1092400090E080E00E94CA560097C1F06C01DC01FA
:109250002C9101962032D1F3223249F46C0162E262
:1092600070E00E94BD5B009711F0FC0110820E942B
:109270001C32A601B701C8010E944B3D0E94663016
:1092800098CC69E174E0C8010E94B45B892B01F5B8
:109290000E945E368C010E945E367C016AE973E0B2
:1092A00090E080E00E94CA56009741F36C01DC0117
:1092B0002C9101962032D1F32232D9F66C0162E270
:1092C00070E00E94BD5B0097A1F2FC011082D1CF3B
:1092D00060E274E0C8010E94B45B892B81F40E94B3
:1092E0005E368C010E945E367C010E945E36AC01C7
:1092F000B701C8010E94383C0E9466305ACC66E231
:1093000074E0C8010E94B45B892BA1F40E945E3610
:109310008C010E945E367C010E945E366C010E94C8
:109320005E369C01A601B701C8010E945E3C0E9406
:1093300066303FCC6BE274E0C8010E94B45B4C0124
:10934000892B09F042C00E945E366C010E945E3695
:109350005C010E945E368C010E945E367C010E9498
:109360005E360C0D1D1D01501109892B81F08E14E4
:109370009F040CF083CFB4016A0D7B1D9B01A801F3
:10938000C6010E945E3CFFEF8F1A9F0AF0CF950145
:10939000A801B501C6010E945E3CEA0CFB1C21E05D
:1093A000E21AF1089701A801B701C6010E945E3CCC
:1093B0009701A601B501C6010E945E3C9701A80174
:1093C000B501C8010E945E3C59CF60E374E0C8015A
:1093D0000E94B45B6C01892B09F0EBCB0E945E36D6
:1093E0009F8F8E8F0E945E3699A388A30E945E365F
:1093F0007C010E945E369FA38EA301E010E00E194F
:109400001F0943E050E05DA34CA3EC14FD040CF4F1
:1094100035CF88A099A08C0C9D1CAE8CBF8CAE0C57
:10942000BF1CAE8DBF8DAE19BF09BB8FAA8FE8A13F
:10943000F9A1EC19FD09FBA3EAA328A139A12E0D7E
:109440003F1D3D8F2C8F2E8C3F8C2C0C3D1C6E8C29
:109450007F8C6C187D0848A059A04E185F084EA15B
:109460005FA1452B99F19401A501B401CD010E94A2
:109470005E3C2AA13BA1A501B9018A8D9B8D0E946A
:109480005E3C2C8D3D8DA101B901C3010E945E3C63
:109490009201A101B201C3010E945E3C5FEFC51AB7
:1094A000D50A8CA19DA117FD09C091E0E91AF10828
:1094B000C6018E199F09880F991F0196080F191F61
:1094C0008CA19DA102969DA38CA39FCF41E050E06B
:1094D000B401C5010E94383C41E050E0B4018A8DDE
:1094E0009B8D0E94383C41E050E06AA17BA1C50100
:1094F0000E94383C41E050E06AA17BA18A8D9B8D9F
:109500000E94383C41E050E06C8D7D8DC1010E948D
:10951000383C41E050E06C8D7D8DC3010E94383CA9
:1095200041E050E0B201C1010E94383C41E050E00E
:10953000B201C3010E94383CB1CF67E374E0C801B7
:109540000E94B45B892B09F0D2C067EA73E090E017
:1095500080E00E94CA568C01009709F42ACB6DEE78
:1095600073E00E94B45B892B29F40E94DA1F0E94E9
:1095700034311FCB63EF73E0C8010E94B45B892BC9
:1095800071F40E945E3697FD08C08031910514F099
:109590008FE090E00E9461310CCB80E0FBCF6EE366
:1095A00074E0C8010E94B45B892B49F40E945E36C6
:1095B000682F637088E79CE00E946027FACA60E227
:1095C00074E0C8010E94B45B892BB9F40E945E3636
:1095D0008C010E945E367C010E945E3621E030E004
:1095E000892B11F430E020E0A701B80188E79CE066
:1095F0000E9414270E943431DCCA68E074E0C8017C
:109600000E94B45B892BF1F5DE0111966D018D018D
:109610000E945E36F80181938F012E893F892E17B3
:109620003F07B1F70E94DA1FF12CE12C27E0A22EB0
:10963000B12C10E000E0D6018C9190E09501201B48
:10964000310B02C0959587952A95E2F780FF08C0F7
:1096500021E030E0A701B80188E79CE00E941427D0
:109660000F5F1F4F0830110531F7BFEFEB1AFB0AF0
:10967000EFEFCE1ADE0AF8E0EF16F104D1F60E9401
:10968000343197CA62E474E0C8010E94B45B892B4C
:1096900039F467EA73E090E080E00E94CA568C01DA
:1096A0000E94DA1F0115110559F067E474E0C80142
:1096B0000E94B45B892B39F487EF9CE30E94083C3D
:1096C0000E94343176CA6DE474E0C8010E94B45B34
:1096D000892B19F48FEE9CE3F1CF63E574E0C801A8
:1096E0000E94B45B892B61F787EE9CE3E7CF69E5C5
:1096F00074E0C8010E94B45B892B09F0A5C167EA38
:1097000073E090E080E00E94CA568C01009709F453
:1097100050CA6DE574E00E94B45B892B99F50E94F4
:109720005E36182F092F6EE785EC9BE00E943A26E3
:109730006FEF85EC9BE00E943A2666E085EC9BE0AB
:109740000E943A2663E085EC9BE00E943A2660E0A6
:1097500085EC9BE00E943A26602F85EC9BE00E94FE
:109760003A26612F85EC9BE00E943A266FEE85EC4D
:109770009BE00E943A266AE070E080E090E00E9460
:10978000DA2317CA62E674E0C8010E94B45B892B31
:1097900019F40E94DA3B0DCA67E674E0C8010E9422
:1097A000B45B892BB1F36DE674E0C8010E94B45B31
:1097B000892B79F56EE785EC9BE00E943A266FEFE6
:1097C00085EC9BE00E943A2666E085EC9BE00E94D7
:1097D0003A266DE085EC9BE00E943A2660E085EC3D
:1097E0009BE00E943A2660E085EC9BE00E943A26CE
:1097F00060E085EC9BE00E943A266FEE85EC9BE0F2
:109800000E943A2664E170E080E090E00E94DA2352
:10981000D0C964E774E0C8010E94B45B892B79F574
:109820006EE785EC9BE00E943A266FEF85EC9BE0AB
:109830000E943A2666E085EC9BE00E943A2661E0B1
:1098400085EC9BE00E943A2660E085EC9BE00E945C
:109850003A2660E085EC9BE00E943A2660E085ECC9
:109860009BE00E943A266FEE85EC9BE00E943A2630
:109870006AE070E080E090E00E94DA239AC969E72C
:1098800074E0C8010E94B45B892B79F56EE785EC22
:109890009BE00E943A266FEF85EC9BE00E943A26FF
:1098A00066E085EC9BE00E943A2662E085EC9BE056
:1098B0000E943A2660E085EC9BE00E943A2660E038
:1098C00085EC9BE00E943A2660E085EC9BE00E94DC
:1098D0003A266FEE85EC9BE00E943A266AE070E043
:1098E00080E090E00E94DA2364C96EE774E0C8016A
:1098F0000E94B45B892B79F56EE785EC9BE00E94B2
:109900003A266FEF85EC9BE00E943A2666E085ECF4
:109910009BE00E943A2661E185EC9BE00E943A269A
:1099200060E085EC9BE00E943A2660E085EC9BE0DD
:109930000E943A2661E085EC9BE00E943A266FEE99
:1099400085EC9BE00E943A266AE070E080E090E0BF
:109950000E94DA232EC963E874E0C8010E94B45B58
:10996000892B29F40E945E360E94962622C967E858
:1099700074E0C8010E94B45B892B79F56EE785EC31
:109980009BE00E943A266FEF85EC9BE00E943A260E
:1099900066E085EC9BE00E943A2664E085EC9BE063
:1099A0000E943A2660E085EC9BE00E943A2660E047
:1099B00085EC9BE00E943A2660E085EC9BE00E94EB
:1099C0003A266FEE85EC9BE00E943A266AE070E052
:1099D00080E090E00E94DA23ECC86DE874E0C801F2
:1099E0000E94B45B892B09F0E4C86EE785EC9BE02C
:1099F0000E943A266FEF85EC9BE00E943A2666E0D3
:109A000085EC9BE00E943A2665E085EC9BE00E9495
:109A10003A2660E085EC9BE00E943A2660E085EC07
:109A20009BE00E943A2660E085EC9BE00E943A268B
:109A30006FEE85EC9BE00E943A266AE070E080E0E1
:109A400090E00E94DA23B5C865E974E0C8010E947D
:109A5000B45B892B09F012C167EA73E090E080E003
:109A60000E94CA568C01009709F4A3C869E974E002
:109A70000E94B45B892B09F055C067EA73E090E05F
:109A800080E00E94CA56009709F449C050E040E0C7
:109A900070E060E00E946C55D62E0E945E367C011C
:109AA0000E945E368C011E141F041CF080E1E82E1B
:109AB000F12C1016110614F002E010E08091A605BA
:109AC0009091A705009711F00E941F5B8CE090E039
:109AD0000E94835AFC011382128284E692E09183F1
:109AE0008083D482E0860187128618E01387F09382
:109AF000A705E093A605CF010E94B6318091A60587
:109B00009091A705DC011B961C9360E00E944D30EC
:109B10008091A6059091A7050E94AD314AC890E2B8
:109B2000D92EBBCFE090A605F090A705E114F10473
:109B300009F43FC86DEE73E0C8010E94B45B892B45
:109B400021F4C7010E94AD3134C86EE974E0C80148
:109B50000E94B45B892BA9F40E943736E091A605D8
:109B6000F091A705882339F088E0838760E0CF0172
:109B70000E944D301EC8138660E0CF010E944D3018
:109B800018C864E174E0C8010E94B45B892B09F035
:109B900010C80E945E366C010E945E365C016AE964
:109BA00073E090E080E00E94CA56009709F401C873
:109BB0007C01FC01208101962032D1F3223249F44C
:109BC0007C0162E270E00E94BD5B009711F0DC0155
:109BD0001C928601D7FE02C010E000E06501B7FECE
:109BE00002C0D12CC12C4C2D602F8091A6059091E4
:109BF000A7050E94D43EF7018081882329F1003116
:109C000011058CF0CD2811F00C94D94541E060E0AD
:109C10008091A6059091A7050E94D43E10E000E037
:109C2000CC24C394D12C8091A6059091A705DC018A
:109C3000ED91FC910190F081E02DD7016D917D01B6
:109C400019950F5F1F4FD7CFB2E0CB16D10414F098
:109C50000C94D9450031110514F00C94D94580912C
:109C6000A6059091A705DC01ED91FC910190F08192
:109C7000E02D60E219950F5F1F4FECCF61EA74E0B1
:109C8000C8010E94B45B892B09F01EC267EA73E029
:109C900090E080E00E94CA568C01009711F40C9469
:109CA000D94565EA74E00E94B45B892B09F096C03F
:109CB00081EE9CE30E94FC240E940D244B015C0178
:109CC000C0900002D0900102E0900202F0900302E6
:109CD00020E030E0A901C701B6010E94455A87FD86
:109CE00015C08091A2059091A305A091A405B09103
:109CF000A505A5019401281B390B4A0B5B0BDA0162
:109D0000C901CC97A105B10508F447C08092A2050E
:109D10009092A305A092A405B092A50560E089E108
:109D20000E94282183E090E00197F1F761E089E14A
:109D30000E94282183E290E00197F1F760E089E139
:109D40000E942821E5EAFEE36491E5E0FFE3E49167
:109D5000F0E0EE0FFF1FEF58F14C8591949108EA67
:109D600011E620E030E0462F0E945D3A6115710552
:109D70008105910551F06F5F7F4F8F4F9F4F9F700F
:109D8000611571058105910581F4C0900002D090A4
:109D90000102E0900202F090030241E050E0C701AE
:109DA000B6010E947D400C94D9450E94055728E2D7
:109DB0003EE74CE05DE30E94665720E030E040E083
:109DC0005FE30E9466576B017C01C0920002D09253
:109DD0000102E0920202F0920302DFCF6AEA74E02D
:109DE000C8010E94B45B892B21F50E94883E88231C
:109DF00011F40C94D9458BED9CE30E94FC246091F6
:109E0000730C7091740C90E080E00E9405572FEA6B
:109E100030E04FE25BE30E94665720E030E044E32D
:109E200052E40E94975841E050E00E947D400C941B
:109E3000D9456FEA74E0C8010E94B45B892BF1F444
:109E40000E94883E882311F40C94D94585ED9CE34B
:109E50000E94FC246091710C7091720C90E080E083
:109E60000E94055728EC30E048EC5AE30E94665700
:109E700041E050E00E947D400C94D94564EB74E0D1
:109E8000C8010E94B45B892B81F50E94E2328EECFE
:109E90009CE30E94FC246091100C7091110C809145
:109EA000120C9091130C42E00E94A53F80E20E94A8
:109EB000D53B6091140C7091150C8091160C90910B
:109EC000170C42E00E94A53F80E20E94D53B6091C2
:109ED000180C7091190C80911A0C90911B0C42E097
:109EE00050E00E947D400C94D9456AEB74E0C801B3
:109EF0000E94B45B892B81F50E94E23288EC9CE3DE
:109F00000E94FC2460911C0C70911D0C80911E0C11
:109F100090911F0C42E00E94A53F80E20E94D53B39
:109F20006091200C7091210C8091220C9091230C57
:109F300042E00E94A53F80E20E94D53B6091240C44
:109F40007091250C8091260C9091270C42E050E0F6
:109F50000E947D400C94D9456FEB74E0C8010E94CB
:109F6000B45B892B59F481EC9CE30E94FC2486E3CA
:109F70000E94A23A0E94753F0C94D94565EC74E0AA
:109F8000C8010E94B45B892B59F48BEB9CE30E94BF
:109F9000FC2487E30E94A23A0E94753F0C94D945A5
:109FA0006AEC74E0C8010E94B45B892B99F486EBDB
:109FB0009CE30E94FC2488E30E94A23A0E94473F4F
:109FC00080E20E94D53B89E30E94A23A0E94753F3D
:109FD0000C94D9456EEC74E0C8010E94B45B892BE7
:109FE00059F48EEA9CE30E94FC248BE30E94A23A7F
:109FF0000E94753F0C94D94565ED74E0C8010E943C
:10A00000B45B892B59F489EA9CE30E94FC248AE31F
:10A010000E94A23A0E94753F0C94D94569ED74E004
:10A02000C8010E94B45B892B91F482EA9CE30E94F0
:10A03000FC2488E10E94FF2021E030E0019711F02C
:10A0400030E020E0C9010E94753F0C94D9456FEDC6
:10A0500074E0C8010E94B45B892B61F48EE99CE333
:10A060000E94FC2480910E0290910F020E94753F85
:10A070000C94D94562EE74E0C8010E94B45B892B50
:10A0800011F00C94D9450E945E368C01E7E1FE2E5A
:10A09000029711F076E1F72E89E99CE30E94FC24F7
:10A0A000C8010E94473F80E20E94D53B8F2D0E944D
:10A0B000FF2021E030E0892B11F030E020E0C901E1
:10A0C0000E94753F0C94D94562EF74E0C8010E946C
:10A0D000B45B892B81F567EA73E090E080E00E9431
:10A0E000CA568C01009711F40C94D94566EE74E0C1
:10A0F0000E94B45B892B29F481E08093AD090C9414
:10A10000D9456BEE74E0C8010E94B45B892B29F439
:10A1100081E08093AB090C94D94569ED74E0C801E6
:10A120000E94B45B892B11F00C94D94581E0809397
:10A13000A9090C94D94560EF74E0C8010E94B45B92
:10A14000892B69F567EA73E090E080E00E94CA56C7
:10A150008C01009711F40C94D94566EE74E00E94CE
:10A16000B45B892B21F41092AD090C94D9456BEEA8
:10A1700074E0C8010E94B45B892B21F41092AB09F2
:10A180000C94D94569ED74E0C8010E94B45B892B39
:10A1900011F00C94D9451092A9090C94D94566EF99
:10A1A00074E0C8010E94B45B892B81F40E945E3682
:10A1B000182F0E943736082F61E0812F0E94562108
:10A1C000602F812F0E9428210C94D94569EF74E0FB
:10A1D000C8010E94B45B892BC9F40E945E36182F17
:10A1E000092F60E00E94562185E99CE30E94FC242F
:10A1F000812F902F0E94473F80E20E94D53B812F04
:10A200000E94FF200E94753F0C94D94560EF73E0D7
:10A21000C8010E94B45B892B89F567EA73E090E07E
:10A2200080E00E94CA568C0166E3E62EF12C00976E
:10A2300059F0DC018C918F7D8134E1F4C8010196E5
:10A240000E949A56C6967C0181E99CE30E94FC24F8
:10A250000115110511F408EB13E0C8010E94C73283
:10A2600080E20E94D53B8E2D0E94A23A0E94753F4B
:10A270000C94D945C8010E949A56E5CF69E074E074
:10A28000C8010E94B45B892BE1F40E945E36182F4E
:10A290000E945E36F82E092F61E0812F0E94562120
:10A2A0006F2D702F6F3F710519F014F06FEF70E094
:10A2B00077FF02C070E060E0812F0E9492210C9431
:10A2C000D9456CEF74E0C8010E94B45B892B29F575
:10A2D0000E945E367C010E945E366C010E945E36F2
:10A2E0008C01C701FF0CAA0BBB0B1C141D0484F4CA
:10A2F0001016110614F008EC10E0012E000C220BD1
:10A30000330BA601BC01CD010E9474220C94D945E7
:10A3100060E00E9428210C94D94561E075E0C801F5
:10A320000E94B45B892B09F00EC10E945E368C013D
:10A330000E945E367C01853B91051CF054EBE52EB6
:10A34000F12CF7FE02C0F12CE12C20910C0230918F
:10A350000D020217130709F473C08091C00B37FD7B
:10A360000CC0282F30E0F901EE0FFF1FE20FF31FA2
:10A37000E15DF44F90819F7B9083803308F05CC057
:10A3800061E0802F0E9456218091C00B282F30E081
:10A39000F901EE0FFF1FE20FF31FE15DF44F908113
:10A3A000907C202F2F73922B9083E5EFFFEFF0939B
:10A3B000C20BE093C10B2AE832E03093C40B209328
:10A3C000C30B2CE0622F0E945B5A829FB0011124C4
:10A3D00050E040E0FB01E40FF51F9F01220F331F07
:10A3E000E20FF31FE15DF44F908196FD17C04F5FC0
:10A3F0005F4F4C30510571F7813009F078C01092F1
:10A40000800082E080938100109285001092840089
:10A41000B19A80916F00826080936F00E091C00BD1
:10A420008E2F90E0FC01EE0FFF1FE80FF91FE15D9A
:10A43000F44F80818064808310930D0200930C029E
:10A440008091C30B9091C40B62EEC62E64E0D62EB1
:10A45000C81AD90ACC0CDD1CCC0CDD1C8091C10BB8
:10A460009091C20B0DE710E0081B190B000F111F94
:10A47000000F111F4801012E000CAA08BB0896010D
:10A480000D2C000C440B550B281939094A095B099E
:10A49000D7010E94805824EB30E040E050E00E9459
:10A4A0005658820E931EA41EB51E94018091C00BB7
:10A4B000803310F00C94D945201731072CF0860119
:10A4C0002C153D050CF4840102501109000F111FD9
:10A4D0002FB7F89490E0FC01EE0FFF1FE80FF91F73
:10A4E000E15DF44F128301832FBF0C94D945823074
:10A4F00061F4109290008093910010929500109258
:10A50000940088BB8093710089CF833069F41092E6
:10A51000A00082E08093A1001092A5001092A400F8
:10A5200089BB809372007ACF811178CF109220017D
:10A5300082E08093210110922501109224018ABBB0
:10A54000809373006BCF67E075E0C8010E94B45B35
:10A550007C01892B09F098C067EA73E090E080E005
:10A560000E94CA568C01009711F40C94D9456FE0F3
:10A5700075E00E94B45B892B11F50E945E368C0158
:10A580000E945E36E82E0E945E36F82E01501109B8
:10A590000430110510F00C94D945F801E85FFD4F27
:10A5A000E0820C5F1D4FD8018C9361E08E2D0E94DC
:10A5B000562161E08F2D0E9456210C94D945C80187
:10A5C0000E949A5601978430910510F00C94D94559
:10A5D000FC01E85FFD4FC0808C5F9D4FFC01D08087
:10A5E000C7FE02C00C94D945D7FE02C00C94D945D1
:10A5F00067EA73E090E080E00E94CA568C01009701
:10A60000F9F062E674E00E94B45B892B51F460E0DB
:10A610008C2D0E94282160E08D2D0E9428210C9411
:10A62000D945C8010E949A567C018F3F910521F0BF
:10A630001CF0EE24EA94F12CF7FE02C0F12CE12C80
:10A6400067EA73E090E080E00E94CA56009789F0C4
:10A6500063E175E00E94B45B892B59F070E060E023
:10A660008C2D0E949221B7018D2D0E9492210C9475
:10A67000D945B7018C2D0E94922170E060E08D2DAC
:10A680000E9492210C94D94584E89CE30E94FC240A
:10A69000C8010E94C73288E993E00E94C7320C9437
:10A6A000D945EF3510F00C94A64591E09E0F90939C
:10A6B000120AF0E0EE54F64F80830C94A645809188
:10A6C000C50C833009F085C08091CE0C882309F435
:10A6D00000C180E48093CF0F1092C20F1092C10F7F
:10A6E0001092C60F1092C50F1092C40F1092C30F94
:10A6F0001092C90F1092CA0F1092CB0F1092CC0F6C
:10A700001092CE0F1092CD0F8091CF0F86FD5BC0BF
:10A710004091D00F5091D10FCA018F7B049709F05F
:10A7200052C02091D40C62E3269F9001112425553C
:10A730003A412038314108F046C08091D50C869FBF
:10A74000C00111244430510509F0DEC08D579640F8
:10A7500080369440C0F58091D60C869FC0011124AC
:10A76000895B91408831914070F581E08093CF0FF3
:10A770008091D60F9091D70F9093C40F8093C30F01
:10A780008091D80F9091D90F9093C60F8093C50FE9
:10A790008091D40F9091D50F9093C20F8093C10FE9
:10A7A000E091C50FE750E83570F4F0E0EE0FFF1FC1
:10A7B000E459FD4F808191818F3F980721F090935C
:10A7C0000F0280930E028091C50C833011F4109219
:10A7D000C50C0E940D240091AE091091AF09209183
:10A7E000B0093091B109601B710B820B930B64317E
:10A7F00071058105910508F468C00E940D246093DD
:10A80000AE097093AF098093B0099093B10980911C
:10A81000AD098823D9F086E10E94FF208C01FF2436
:10A82000F394892B09F0F12C8091AC098F1571F00C
:10A8300087E09EE30E94FC248FEF9DE3012B11F43F
:10A8400082E09EE30E94D432F092AC098091AB0981
:10A850008823D9F087E10E94FF208C01FF24F39424
:10A86000892B09F0F12C8091AA098F1571F085EFE1
:10A870009DE30E94FC248DEE9DE3012B11F480EFFB
:10A880009DE30E94D432F092AA098091A9098823FD
:10A89000E1F088E10E94FF208C01FF24F3940197EE
:10A8A00009F0F12C8091A8098F1579F082EE9DE3D3
:10A8B0000E94FC248AED9DE30130110511F48DED19
:10A8C0009DE30E94D432F092A8090E9437250C948F
:10A8D000A6451092CF0F8091C10F9091C20F909317
:10A8E000D50F8093D40F8091C50F9091C60F909390
:10A8F000D90F8093D80F8091C30F9091C40F90937C
:10A90000D70F8093D60FE8CE8D509D40803C984065
:10A9100008F059CF44E150E066EC7DE3CE010196AA
:10A920000E94C1562889F22FF071AF2E8885998533
:10A9300024FD02C08A859B85221F2227221F96950F
:10A94000879596958795BC01660F771F680F791FCD
:10A9500035E0389F8001399F100D1124E5ECFCE0B3
:10A9600030E2C12CD12C7601C39480E090E0DC0170
:10A9700042E3B42EAA2009F45CC041894B9DA0019A
:10A980001124445151096417750708F083C0041756
:10A99000150708F47FC0211177C08C299D29AE29A5
:10A9A000BF29CC0CDD1CEE1CFF1C3150329631113E
:10A9B000E1CF8093C90F9093CA0FA093CB0FB093B0
:10A9C000CC0F3A2F4A2F50E05093C60F4093C50F3B
:10A9D0002B2F8E3E47E8940799F523E030E0309323
:10A9E000C20F2093C10F8B2F90E09093C40F8093E0
:10A9F000C30F80E290E09093CE0F8093CD0F8091B3
:10AA0000D20F9091D30F8A37954028F48091CF0FC1
:10AA100081608093CF0F8091CF0F80FFC1CE29E05E
:10AA200030E03093C20F2093C10F80628093CF0F2C
:10AA3000B7CE42894B9DA00111244C5E5F4FA3CF3E
:10AA4000492F4095481310C0482F50E05093C40F31
:10AA50004093C30F209532130CC088E090E0909390
:10AA6000C20F8093C10FC5CF9093C40F8093C30FC3
:10AA7000F1CF2AE030E03093C20F2093C10FB093A2
:10AA8000C60FA093C50FB5CF880F991FAA1FBB1F74
:10AA9000816087CF222309F484CF880F991FAA1FD2
:10AAA000BB1F7FCF84E593E09093C60B8093C50BCB
:10AAB00085EC9BE00E94FE268091B30C9091B40C33
:10AAC0000E941F5B8091B00C9091B10C97FD03C068
:10AAD00060E00C94562108953F924F925F926F92DE
:10AAE0007F928F929F92AF92BF92CF92DF92EF921E
:10AAF000FF920F931F93CF93DF935C016B017A0159
:10AB00006115710519F0FB0191838083E114F10453
:10AB100051F0C7010297839730F040E030E020E029
:10AB200090E06BC05E01E5012196F5011081812F57
:10AB300090E00E94B856892BA9F71D3201F52196A5
:10AB4000F501118101E0E114F10409F4E6C0F0E13E
:10AB5000EF16F10409F088C0103359F488818F7D15
:10AB6000883509F07CC0198122960260F0E1EF2E51
:10AB7000F12C812C912CA12C88E0B82E92C01B3294
:10AB800021F4E5012296F501118100E0DCCFEAE035
:10AB9000EE16F10409F4C7C0F0E1EF16F10409F074
:10ABA00073C0E7CF78E0E72EF12C812C912CA12CFB
:10ABB00060E1B62E76C021E0ADC0302F3170C114F7
:10ABC000D10431F0222371F12197F601D183C083A2
:10ABD00027FF2EC060E070E080E090E8311104C0F3
:10ABE0006FEF7FEF8FEF9FE722E230E03093DE0FD1
:10ABF0002093DD0F462F372F282F642F732F822F9E
:10AC0000DF91CF911F910F91FF90EF90DF90CF9048
:10AC1000BF90AF909F908F907F906F905F904F907C
:10AC20003F90089501FF04C02297F601D183C083AD
:10AC3000332341F090958095709561957F4F8F4FAC
:10AC40009F4FD8CF97FFD6CF82E290E09093DE0F50
:10AC50008093DD0F6FEF7FEF8FEF9FE7CBCF10E398
:10AC6000E114F10409F49ECF28E0E216F10409F49E
:10AC70009CCF0CF08CCF812C912CA12CE0E4BE2E2B
:10AC800082E0E816F10469F060E070E080E090E8AE
:10AC900097010F2C000C440B550B0E9434584901AE
:10ACA0005A0120E060E070E0CB0127010F2C000C7E
:10ACB00066087708FE0150ED352E310E39E0331568
:10ACC00070F43FEB310F49EC342E3A3138F03FE964
:10ACD000310F3A3108F071CF39EA332E310E3E147C
:10ACE0001F040CF06ACF27FD15C086169706A8062C
:10ACF000B90678F0A30192010E942458630D711DDA
:10AD0000811D911D61307105810520E8920708F4CD
:10AD100052CF2FEF21961081CDCF103309F41ECFE3
:10AD20002AE0E22EF12C9CEC892E982CA82C9CE099
:10AD3000B92EB7CFFC0188279927E89421912032BA
:10AD4000E9F3293010F02E30C8F32B3241F02D32C8
:10AD500039F4689404C00E94F556820F911D219128
:10AD600020532A30C0F31EF4909581959F4F08958B
:10AD700091110C94FD56803219F089508550C8F716
:10AD80000895FB01DC0102C005900D924150504036
:10AD9000D8F708954BED5FE00C94CE56FA01A191DF
:10ADA000B081009719F41097E1F0CD01DC01CD01DD
:10ADB0000D90002011F4C00113C0FB01219122234A
:10ADC00019F02015D9F7F3CFFB012191201519F4C3
:10ADD0001E92119606C02223C1F70D900020A1F704
:10ADE000D001FA01A193B08308957AE0979F902D46
:10ADF000879F802D910D1124089599278827089504
:10AE00000E94425708F481E00895E89409C097FB36
:10AE10003EF490958095709561957F4F8F4F9F4F31
:10AE20009923A9F0F92F96E9BB279395F695879575
:10AE300077956795B795F111F8CFFAF4BB0F11F438
:10AE400060FF1BC06F5F7F4F8F4F9F4F16C08823DF
:10AE500011F096E911C0772321F09EE8872F762F15
:10AE600005C0662371F096E8862F70E060E02AF056
:10AE70009A95660F771F881FDAF7880F9695879542
:10AE800097F90895990F0008550FAA0BE0E8FEEF17
:10AE900016161706E807F907C0F012161306E4079E
:10AEA000F50798F0621B730B840B950B39F40A2697
:10AEB00061F0232B242B252B21F408950A2609F475
:10AEC000A140A6958FEF811D811D08950E9479579D
:10AED0000C94EA570E94DC5738F00E94E35720F0A8
:10AEE000952311F00C94D3570C94D95711240C943A
:10AEF0001E580E94FB5770F3959FC1F3950F50E0C9
:10AF0000551F629FF001729FBB27F00DB11D639F1B
:10AF1000AA27F00DB11DAA1F649F6627B00DA11DC1
:10AF2000661F829F2227B00DA11D621F739FB00D67
:10AF3000A11D621F839FA00D611D221F749F3327D7
:10AF4000A00D611D231F849F600D211D822F762F70
:10AF50006A2F11249F5750409AF0F1F088234AF04D
:10AF6000EE0FFF1FBB1F661F771F881F91505040B9
:10AF7000A9F79E3F510580F00C94D3570C941E58AE
:10AF80005F3FE4F3983ED4F3869577956795B79540
:10AF9000F795E7959F5FC1F7FE2B880F911D96955A
:10AFA000879597F9089597F99F6780E870E060E0CA
:10AFB00008959FEF80EC089500240A941616170652
:10AFC00018060906089500240A941216130614069A
:10AFD00005060895092E0394000C11F4882352F0FD
:10AFE000BB0F40F4BF2B11F460FF04C06F5F7F4FB5
:10AFF0008F4F9F4F089557FD9058440F551F59F09C
:10B000005F3F71F04795880F97FB991F61F09F3F55
:10B0100079F087950895121613061406551FF2CF7E
:10B020004695F1DF08C0161617061806991FF1CFCE
:10B0300086957105610508940895E894BB276627F5
:10B040007727CB0197F90895DB018F939F930E9497
:10B050007558BF91AF91A29F800D911DA39F900D38
:10B06000B29F900D11240895A1E21A2EAA1BBB1BBA
:10B07000FD010DC0AA1FBB1FEE1FFF1FA217B307C4
:10B08000E407F50720F0A21BB30BE40BF50B661FDA
:10B09000771F881F991F1A9469F76095709580959E
:10B0A00090959B01AC01BD01CF010895052E97FB42
:10B0B0001EF400940E946D5857FD07D00E9434582A
:10B0C00007FC03D04EF40C946D5850954095309584
:10B0D00021953F4F4F4F5F4F089590958095709504
:10B0E00061957F4F8F4F9F4F08950E948858A59F6D
:10B0F000900DB49F900DA49F800D911D1124089573
:10B10000B7FF0C9475580E947558821B930B0895D5
:10B11000A29FB001B39FC001A39F700D811D112498
:10B12000911DB29F700D811D1124911D08955058DD
:10B13000BB27AA270E94AF580C94EA570E94DC57FD
:10B1400038F00E94E35720F039F49F3F19F426F4B9
:10B150000C94D9570EF4E095E7FB0C94D357E92FE4
:10B160000E94FB5758F3BA176207730784079507C5
:10B1700020F079F4A6F50C941D580EF4E0950B2EF2
:10B18000BA2FA02D0B01B90190010C01CA01A00139
:10B190001124FF27591B99F0593F50F4503E68F194
:10B1A0001A16F040A22F232F342F4427585FF3CFD5
:10B1B000469537952795A795F0405395C9F77EF4A6
:10B1C0001F16BA0B620B730B840BBAF09150A1F0EF
:10B1D000FF0FBB1F661F771F881FC2F70EC0BA0F75
:10B1E000621F731F841F48F4879577956795B795FD
:10B1F000F7959E3F08F0B0CF9395880F08F09927F8
:10B20000EE0F9795879508950E94DC5760F080E8CF
:10B2100091E009F49EEF0E94E35728F040E851E0E6
:10B2200071F45EEF0CC00C94D9570C941D58E92FA3
:10B23000E0780E94FB5740F3092E052AB1F3261748
:10B2400037074807590738F00E2E07F8E02569F050
:10B25000E025E0640AC0EF6307F8009407FADB0119
:10B26000B9019D01DC01CA01AD01EF930E948D5926
:10B270000E94EA570E9447595F91552339F02BED00
:10B280003FE049E450FD49EC0C9498580895DF9351
:10B29000DD27B92FBF7740E85FE31616170648078A
:10B2A0005B0718F4D92F0E944A5A9F938F937F937C
:10B2B0006F930E94525AE4EEF0E00E941E5A0E94E0
:10B2C000EA572F913F914F915F910E947957DD236B
:10B2D00051F09058A2EA2AED3FE049EC5FE3D078C4
:10B2E0005D270E94AF58DF910C94EA570E948A595B
:10B2F0000C94EA570E94E35758F00E94DC5740F044
:10B3000029F45F3F29F00C94D35751110C941E5827
:10B310000C94D9570E94FB5768F39923B1F3552336
:10B3200091F3951B550BBB27AA2762177307840758
:10B3300038F09F5F5F4F220F331F441FAA1FA9F3EE
:10B3400035D00E2E3AF0E0E832D091505040E695DC
:10B35000001CCAF72BD0FE2F29D0660F771F881F3D
:10B36000BB1F261737074807AB07B0E809F0BB0B30
:10B37000802DBF01FF2793585F4F3AF09E3F510544
:10B3800078F00C94D3570C941E585F3FE4F3983E2A
:10B39000D4F3869577956795B795F7959F5FC9F72D
:10B3A000880F911D9695879597F90895E1E0660FAE
:10B3B000771F881FBB1F621773078407BA0720F027
:10B3C000621B730B840BBA0BEE1F88F7E095089590
:10B3D0000E94EF596894B1110C941E5808950E9470
:10B3E000035888F09F5798F0B92F9927B751B0F0BC
:10B3F000E1F0660F771F881F991F1AF0BA95C9F7F9
:10B4000014C0B13091F00E941D58B1E008950C9421
:10B410001D58672F782F8827B85F39F0B93FCCF3D4
:10B42000869577956795B395D9F73EF49095809575
:10B43000709561957F4F8F4F9F4F0895DF93CF9306
:10B440001F930F93FF92EF92DF927B018C01689420
:10B4500006C0DA2EEF010E947957FE01E894A5910B
:10B460002591359145915591A6F3EF010E94AF5872
:10B47000FE019701A801DA9469F7DF90EF90FF9041
:10B480000F911F91CF91DF9108950E94425708F4C8
:10B490008FEF08959B01AC0160E070E080E89FE3CE
:10B4A0000C9476599B01AC010C9466570E9442574C
:10B4B000880B990B0895991B79E004C0991F961782
:10B4C00008F0961B881F7A95C9F780950895AA1BE6
:10B4D000BB1B51E107C0AA1FBB1FA617B70710F07F
:10B4E000A61BB70B881F991F5A95A9F780959095B1
:10B4F000BC01CD010895EE0FFF1F881F8BBF079081
:10B50000F691E02D19940F931F93CF93DF93823020
:10B51000910510F482E090E0E091E10FF091E20FEC
:10B5200030E020E0B0E0A0E0309799F4211531053B
:10B5300009F44AC0281B390B24303105D8F58A811B
:10B540009B816115710589F1FB0193838283FE0163
:10B5500011C0408151810281138148175907E0F0E1
:10B560004817590799F4109761F012960C931297A7
:10B5700013961C933296CF01DF91CF911F910F91BB
:10B5800008950093E10F1093E20FF4CF21153105D8
:10B5900051F04217530738F0A901DB019A01BD01B0
:10B5A000DF01F801C1CFEF01F9CF9093E20F809353
:10B5B000E10FCDCFFE01E20FF31F81939193225053
:10B5C000310939832883D7CF2091DF0F3091E00FE5
:10B5D000232B41F420911202309113023093E00F9B
:10B5E0002093DF0F209110023091110221153105B7
:10B5F00041F42DB73EB74091140250911502241B1F
:10B60000350BE091DF0FF091E00FE217F307A0F4A4
:10B610002E1B3F0B2817390778F0AC014E5F5F4FA8
:10B620002417350748F04E0F5F1F5093E00F4093EB
:10B63000DF0F819391939FCFF0E0E0E09CCFCF9319
:10B64000DF930097E9F0FC01329713821282A091F8
:10B65000E10FB091E20FED0130E020E01097A1F48E
:10B6600020813181820F931F2091DF0F3091E00FF5
:10B670002817390709F061C0F093E00FE093DF0F5E
:10B68000DF91CF910895EA01CE17DF07E8F54A81EF
:10B690005B819E0141155105B1F7E901FB83EA8306
:10B6A00049915991C40FD51FEC17FD0761F48081B2
:10B6B00091810296840F951FE90199838883828185
:10B6C00093819B838A83F0E0E0E012968D919C91B8
:10B6D00013970097B9F52D913C911197CD010296E2
:10B6E000820F931F2091DF0F3091E00F2817390749
:10B6F00039F6309751F51092E20F1092E10FB093A6
:10B70000E00FA093DF0FBCCFD383C2834081518170
:10B71000840F951FC817D90761F44E5F5F4F88816A
:10B720009981480F591F518340838A819B8193835C
:10B7300082832115310509F0B0CFF093E20FE09339
:10B74000E10F9ECFFD01DC01C0CF13821282D7CF63
:10B7500081E090E0F8940C94C85BDC0101C06D932B
:10B7600041505040E0F70895FB01DC018D910190BC
:10B7700080190110D9F3990B0895FC0181E090E044
:10B780000190061609F4CF010020D1F70197089522
:10B790001FE1CAE9DFE100E006C0802FFE010E9440
:10B7A0007B5A2196011DCB39D10780E00807A9F704
:04B7B000F894FFCF3B
:10B7B400000080BFFFFFFFFFFFFFFFFFFFFFFFFF52
:10B7C4000000E30F8000000040001400540000005B
:10B7D400020002010201020300020103030102014B
:10B7E4000303010100050505050505050506070711
:10B7F4000706060707070606070500000000000005
:10B804000000000103030301020404040201030015
:10B8140000000000A73119244330F22C1E0004005C
:10B824002000FFFFFFFF0100C800FFFFFFFFFFFF35
:10B83400FFFFFFFFFFFFFFFF1F000000FFFF0200ED
:10B844006400FFFFFFFF0500FFFFFFFFFFFFFFFF97
:10B85400FFFFFFFFFFFFFFFFFFFFFFFFFFFFFFFFF4
:10B86400FFFFFFFFFFFFFFFFFFFFFFFFFFFFFFFFE4
:10B87400FFFFFFFFFFFFFFFFFFFFFFFFFFFFFFFFD4
:10B88400FFFFFFFFFFFFFFFFFFFFFFFFFFFF1500AD
:10B89400FFFF0700160014000A000B000C00FFFF56
:10B8A400FFFF0900FFFFFFFFFFFFFFFFFFFFFFFF99
:10B8B400FFFF0800FFFFFFFFFFFFFFFFFFFFFFFF8A
:10B8C400FFFF0600FFFFFFFFFFFF03003F065B4F84
:10B8D400666D7D077F6F777C395E797100000000AB
:10B8E400AF241924462417257724552469240000FD
:10B8F4000000852F582F43302E20512F3E2F2F2FFD
:10B90400000000003A26192443302E20C726DD26E5
:10B914002226000000000C30DE2FC430000000009E
:10B924009A2919244330F22C14272E203F2C172C4B
:10B93400332C272C462C2E2060275F27DE2BA52BAB
:10B94400602B432BCB2A6C2A0D0A006E616E0069B2
:10B954006E66006F76660020006869676800484577
:10B964004C4C4F00434150533F0070696E67007464
:10B97400726166666963007265640079656C6C6FF8
:10B984007700677265656E006C617365720072673B
:10B99400620062757A7A6572006E656F00636C6529
:10B9A40061720062726967687400616C6C00666E33
:10B9B4006400636F6C6F6E00726177006F6C656416
:10B9C4000068616E7465787400617070656E6400FF
:10B9D400706978656C006C696E65007265637400EB
:10B9E400636972636C65006D617472697800726F6B
:10B9F400740069636F6E00686561727400736D69C9
:10BA04006C65006172726F77006D703300706C61E9
:10BA1400790073746F70007061757365007265737B
:10BA2400756D65006E6578740070726576006C6F74
:10BA34006F7000766F6C00766F6C757000766F6C4B
:10BA4400646F776E006C636400696E697400626C85
:10BA54000067657400646973740074656D700068D0
:10BA6400756D6900616363656C006779726F006C62
:10BA740069676874006B6E6F62006A6F7900736C3B
:10BA840069646572006D696300746F756368006949
:10BA9400720062746E0062746E310062746E320001
:10BAA400756E73756200647700647200746F6E65FE
:10BAB40000736572766F0064636D6F746F720063F8
:06BAC400666700637700D5
:00000001FF
